id,source_id,target_id
1,1,2
2,1,3
3,1,4
4,1,5
5,1,6
6,1,7
7,1,8
8,1,9
9,1,10
10,1,11
11,1,12
12,1,13
13,1,14
14,1,15
15,1,16
16,1,17
17,1,18
18,1,19
19,1,20
20,1,21
21,1,22
22,1,33
23,1,34
24,1,35
25,1,36
26,1,37
27,1,38
28,2,1
29,2,3
30,2,4
31,2,5
32,2,6
33,2,7
34,2,8
35,2,9
36,2,10
37,2,11
38,2,12
39,2,13
40,2,14
41,2,15
42,2,16
43,2,17
44,2,18
45,2,19
46,2,20
47,2,21
48,2,22
49,2,33
50,2,34
51,2,35
52,2,36
53,2,37
54,2,38
55,3,1
56,3,2
57,3,4
58,3,5
59,3,6
60,3,7
61,3,8
62,3,9
63,3,10
64,3,11
65,3,12
66,3,13
67,3,14
68,3,15
69,3,16
70,3,17
71,3,18
72,3,19
73,3,20
74,3,21
75,3,22
76,3,33
77,3,34
78,3,35
79,3,36
80,3,37
81,3,38
82,4,1
83,4,2
84,4,3
85,4,5
86,4,6
87,4,7
88,4,8
89,4,9
90,4,10
91,4,11
92,4,12
93,4,13
94,4,14
95,4,15
96,4,16
97,4,17
98,4,18
99,4,19
100,4,20
101,4,21
102,4,22
103,4,33
104,4,34
105,4,35
106,4,36
107,4,37
108,4,38
109,5,1
110,5,2
111,5,3
112,5,4
113,5,14
114,5,47
115,5,55
116,6,1
117,6,2
118,6,3
119,6,4
120,6,15
121,6,48
122,6,56
123,7,1
124,7,2
125,7,3
126,7,4
127,7,16
128,7,39
129,7,43
130,7,49
131,7,57
132,8,1
133,8,2
134,8,3
135,8,4
136,8,9
137,8,17
138,8,18
139,8,40
140,8,44
141,8,50
142,8,58
143,9,1
144,9,2
145,9,3
146,9,4
147,9,8
148,9,17
149,9,18
150,9,40
151,9,44
152,9,50
153,9,58
154,10,1
155,10,2
156,10,3
157,10,4
158,10,11
159,10,19
160,10,20
161,10,41
162,10,45
163,10,51
164,10,52
165,10,59
166,10,60
167,11,1
168,11,2
169,11,3
170,11,4
171,11,10
172,11,19
173,11,20
174,11,41
175,11,45
176,11,51
177,11,52
178,11,59
179,11,60
180,12,1
181,12,2
182,12,3
183,12,4
184,12,13
185,12,21
186,12,22
187,12,42
188,12,46
189,12,53
190,12,54
191,12,61
192,12,62
193,13,1
194,13,2
195,13,3
196,13,4
197,13,12
198,13,21
199,13,22
200,13,42
201,13,46
202,13,53
203,13,54
204,13,61
205,13,62
206,14,1
207,14,2
208,14,3
209,14,4
210,14,5
211,14,47
212,14,55
213,15,1
214,15,2
215,15,3
216,15,4
217,15,6
218,15,48
219,15,56
220,16,1
221,16,2
222,16,3
223,16,4
224,16,7
225,16,39
226,16,43
227,16,49
228,16,57
229,17,1
230,17,2
231,17,3
232,17,4
233,17,8
234,17,9
235,17,18
236,17,40
237,17,44
238,17,50
239,17,58
240,18,1
241,18,2
242,18,3
243,18,4
244,18,8
245,18,9
246,18,17
247,18,40
248,18,44
249,18,50
250,18,58
251,19,1
252,19,2
253,19,3
254,19,4
255,19,10
256,19,11
257,19,20
258,19,41
259,19,45
260,19,51
261,19,52
262,19,59
263,19,60
264,20,1
265,20,2
266,20,3
267,20,4
268,20,10
269,20,11
270,20,19
271,20,41
272,20,45
273,20,51
274,20,52
275,20,59
276,20,60
277,21,1
278,21,2
279,21,3
280,21,4
281,21,12
282,21,13
283,21,22
284,21,42
285,21,46
286,21,53
287,21,54
288,21,61
289,21,62
290,22,1
291,22,2
292,22,3
293,22,4
294,22,12
295,22,13
296,22,21
297,22,42
298,22,46
299,22,53
300,22,54
301,22,61
302,22,62
303,23,24
304,23,25
305,23,26
306,23,27
307,23,28
308,23,29
309,23,30
310,23,31
311,23,32
312,23,33
313,23,34
314,23,35
315,23,36
316,23,37
317,23,38
318,23,63
319,23,64
320,23,65
321,23,66
322,23,67
323,23,68
324,23,69
325,23,70
326,24,23
327,24,25
328,24,26
329,24,27
330,24,28
331,24,29
332,24,30
333,24,31
334,24,32
335,24,33
336,24,34
337,24,35
338,24,36
339,24,37
340,24,38
341,24,63
342,24,64
343,24,65
344,24,66
345,24,67
346,24,68
347,24,69
348,24,70
349,25,23
350,25,24
351,25,26
352,25,27
353,25,28
354,25,29
355,25,30
356,25,31
357,25,32
358,25,33
359,25,34
360,25,35
361,25,36
362,25,37
363,25,38
364,25,63
365,25,64
366,25,65
367,25,66
368,25,67
369,25,68
370,25,69
371,25,70
372,26,23
373,26,24
374,26,25
375,26,27
376,26,28
377,26,29
378,26,30
379,26,31
380,26,32
381,26,33
382,26,34
383,26,35
384,26,36
385,26,37
386,26,38
387,26,63
388,26,64
389,26,65
390,26,66
391,26,67
392,26,68
393,26,69
394,26,70
395,27,23
396,27,24
397,27,25
398,27,26
399,27,28
400,27,29
401,27,30
402,27,31
403,27,32
404,27,33
405,27,34
406,27,35
407,27,36
408,27,37
409,27,38
410,27,63
411,27,64
412,27,65
413,27,66
414,27,67
415,27,68
416,27,69
417,27,70
418,28,23
419,28,24
420,28,25
421,28,26
422,28,27
423,28,29
424,28,30
425,28,31
426,28,32
427,28,33
428,28,34
429,28,35
430,28,36
431,28,37
432,28,38
433,28,63
434,28,64
435,28,65
436,28,66
437,28,67
438,28,68
439,28,69
440,28,70
441,29,23
442,29,24
443,29,25
444,29,26
445,29,27
446,29,28
447,29,30
448,29,31
449,29,32
450,29,33
451,29,34
452,29,35
453,29,36
454,29,37
455,29,38
456,29,63
457,29,64
458,29,65
459,29,66
460,29,67
461,29,68
462,29,69
463,29,70
464,29,71
465,29,72
466,29,73
467,29,74
468,29,75
469,29,76
470,29,77
471,29,78
472,29,79
473,29,80
474,29,81
475,29,82
476,29,83
477,29,84
478,29,85
479,29,86
480,30,23
481,30,24
482,30,25
483,30,26
484,30,27
485,30,28
486,30,29
487,30,31
488,30,32
489,30,33
490,30,34
491,30,35
492,30,36
493,30,37
494,30,38
495,30,63
496,30,64
497,30,65
498,30,66
499,30,67
500,30,68
501,30,69
502,30,70
503,30,71
504,30,72
505,30,73
506,30,74
507,30,75
508,30,76
509,30,77
510,30,78
511,30,79
512,30,80
513,30,81
514,30,82
515,30,83
516,30,84
517,30,85
518,30,86
519,31,23
520,31,24
521,31,25
522,31,26
523,31,27
524,31,28
525,31,29
526,31,30
527,31,32
528,31,33
529,31,34
530,31,35
531,31,36
532,31,37
533,31,38
534,31,63
535,31,64
536,31,65
537,31,66
538,31,67
539,31,68
540,31,69
541,31,70
542,31,71
543,31,72
544,31,73
545,31,74
546,31,75
547,31,76
548,31,77
549,31,78
550,31,79
551,31,80
552,31,81
553,31,82
554,31,83
555,31,84
556,31,85
557,31,86
558,32,23
559,32,24
560,32,25
561,32,26
562,32,27
563,32,28
564,32,29
565,32,30
566,32,31
567,32,33
568,32,34
569,32,35
570,32,36
571,32,37
572,32,38
573,32,63
574,32,64
575,32,65
576,32,66
577,32,67
578,32,68
579,32,69
580,32,70
581,32,71
582,32,72
583,32,73
584,32,74
585,32,75
586,32,76
587,32,77
588,32,78
589,32,79
590,32,80
591,32,81
592,32,82
593,32,83
594,32,84
595,32,85
596,32,86
597,33,1
598,33,2
599,33,3
600,33,4
601,33,23
602,33,24
603,33,25
604,33,26
605,33,27
606,33,28
607,33,29
608,33,30
609,33,31
610,33,32
611,33,34
612,33,35
613,33,36
614,33,37
615,33,38
616,33,39
617,33,40
618,33,41
619,33,42
620,33,43
621,33,44
622,33,45
623,33,46
624,33,47
625,33,48
626,33,49
627,33,50
628,33,51
629,33,52
630,33,53
631,33,54
632,33,55
633,33,56
634,33,57
635,33,58
636,33,59
637,33,60
638,33,61
639,33,62
640,33,87
641,33,88
642,33,89
643,33,90
644,33,91
645,33,92
646,33,93
647,33,94
648,33,95
649,33,96
650,33,97
651,33,98
652,33,99
653,33,100
654,33,101
655,33,102
656,33,103
657,33,104
658,33,105
659,33,106
660,33,107
661,33,108
662,33,109
663,33,110
664,33,111
665,33,112
666,33,113
667,33,114
668,33,115
669,33,116
670,33,117
671,33,118
672,33,119
673,33,120
674,33,121
675,33,122
676,33,123
677,33,124
678,33,125
679,33,126
680,34,1
681,34,2
682,34,3
683,34,4
684,34,23
685,34,24
686,34,25
687,34,26
688,34,27
689,34,28
690,34,29
691,34,30
692,34,31
693,34,32
694,34,33
695,34,35
696,34,36
697,34,37
698,34,38
699,34,39
700,34,40
701,34,41
702,34,42
703,34,43
704,34,44
705,34,45
706,34,46
707,34,47
708,34,48
709,34,49
710,34,50
711,34,51
712,34,52
713,34,53
714,34,54
715,34,55
716,34,56
717,34,57
718,34,58
719,34,59
720,34,60
721,34,61
722,34,62
723,34,87
724,34,88
725,34,89
726,34,90
727,34,91
728,34,92
729,34,93
730,34,94
731,34,95
732,34,96
733,34,97
734,34,98
735,34,99
736,34,100
737,34,101
738,34,102
739,34,103
740,34,104
741,34,105
742,34,106
743,34,107
744,34,108
745,34,109
746,34,110
747,34,111
748,34,112
749,34,113
750,34,114
751,34,115
752,34,116
753,34,117
754,34,118
755,34,119
756,34,120
757,34,121
758,34,122
759,34,123
760,34,124
761,34,125
762,34,126
763,35,1
764,35,2
765,35,3
766,35,4
767,35,23
768,35,24
769,35,25
770,35,26
771,35,27
772,35,28
773,35,29
774,35,30
775,35,31
776,35,32
777,35,33
778,35,34
779,35,36
780,35,37
781,35,38
782,35,39
783,35,40
784,35,41
785,35,42
786,35,43
787,35,44
788,35,45
789,35,46
790,35,47
791,35,48
792,35,49
793,35,50
794,35,51
795,35,52
796,35,53
797,35,54
798,35,55
799,35,56
800,35,57
801,35,58
802,35,59
803,35,60
804,35,61
805,35,62
806,35,87
807,35,88
808,35,89
809,35,90
810,35,91
811,35,92
812,35,93
813,35,94
814,35,95
815,35,96
816,35,97
817,35,98
818,35,99
819,35,100
820,35,101
821,35,102
822,35,103
823,35,104
824,35,105
825,35,106
826,35,107
827,35,108
828,35,109
829,35,110
830,35,111
831,35,112
832,35,113
833,35,114
834,35,115
835,35,116
836,35,117
837,35,118
838,35,119
839,35,120
840,35,121
841,35,122
842,35,123
843,35,124
844,35,125
845,35,126
846,36,1
847,36,2
848,36,3
849,36,4
850,36,23
851,36,24
852,36,25
853,36,26
854,36,27
855,36,28
856,36,29
857,36,30
858,36,31
859,36,32
860,36,33
861,36,34
862,36,35
863,36,37
864,36,38
865,36,39
866,36,40
867,36,41
868,36,42
869,36,43
870,36,44
871,36,45
872,36,46
873,36,47
874,36,48
875,36,49
876,36,50
877,36,51
878,36,52
879,36,53
880,36,54
881,36,55
882,36,56
883,36,57
884,36,58
885,36,59
886,36,60
887,36,61
888,36,62
889,36,87
890,36,88
891,36,89
892,36,90
893,36,91
894,36,92
895,36,93
896,36,94
897,36,95
898,36,96
899,36,97
900,36,98
901,36,99
902,36,100
903,36,101
904,36,102
905,36,103
906,36,104
907,36,105
908,36,106
909,36,107
910,36,108
911,36,109
912,36,110
913,36,111
914,36,112
915,36,113
916,36,114
917,36,115
918,36,116
919,36,117
920,36,118
921,36,119
922,36,120
923,36,121
924,36,122
925,36,123
926,36,124
927,36,125
928,36,126
929,37,1
930,37,2
931,37,3
932,37,4
933,37,23
934,37,24
935,37,25
936,37,26
937,37,27
938,37,28
939,37,29
940,37,30
941,37,31
942,37,32
943,37,33
944,37,34
945,37,35
946,37,36
947,37,38
948,37,39
949,37,40
950,37,41
951,37,42
952,37,43
953,37,44
954,37,45
955,37,46
956,37,47
957,37,48
958,37,49
959,37,50
960,37,51
961,37,52
962,37,53
963,37,54
964,37,55
965,37,56
966,37,57
967,37,58
968,37,59
969,37,60
970,37,61
971,37,62
972,37,87
973,37,88
974,37,89
975,37,90
976,37,91
977,37,92
978,37,93
979,37,94
980,37,95
981,37,96
982,37,97
983,37,98
984,37,99
985,37,100
986,37,101
987,37,102
988,37,103
989,37,104
990,37,105
991,37,106
992,37,107
993,37,108
994,37,109
995,37,110
996,37,111
997,37,112
998,37,113
999,37,114
1000,37,115
1001,37,116
1002,37,117
1003,37,118
1004,37,119
1005,37,120
1006,37,121
1007,37,122
1008,37,123
1009,37,124
1010,37,125
1011,37,126
1012,38,1
1013,38,2
1014,38,3
1015,38,4
1016,38,23
1017,38,24
1018,38,25
1019,38,26
1020,38,27
1021,38,28
1022,38,29
1023,38,30
1024,38,31
1025,38,32
1026,38,33
1027,38,34
1028,38,35
1029,38,36
1030,38,37
1031,38,39
1032,38,40
1033,38,41
1034,38,42
1035,38,43
1036,38,44
1037,38,45
1038,38,46
1039,38,47
1040,38,48
1041,38,49
1042,38,50
1043,38,51
1044,38,52
1045,38,53
1046,38,54
1047,38,55
1048,38,56
1049,38,57
1050,38,58
1051,38,59
1052,38,60
1053,38,61
1054,38,62
1055,38,87
1056,38,88
1057,38,89
1058,38,90
1059,38,91
1060,38,92
1061,38,93
1062,38,94
1063,38,95
1064,38,96
1065,38,97
1066,38,98
1067,38,99
1068,38,100
1069,38,101
1070,38,102
1071,38,103
1072,38,104
1073,38,105
1074,38,106
1075,38,107
1076,38,108
1077,38,109
1078,38,110
1079,38,111
1080,38,112
1081,38,113
1082,38,114
1083,38,115
1084,38,116
1085,38,117
1086,38,118
1087,38,119
1088,38,120
1089,38,121
1090,38,122
1091,38,123
1092,38,124
1093,38,125
1094,38,126
1095,39,7
1096,39,16
1097,39,33
1098,39,34
1099,39,35
1100,39,36
1101,39,37
1102,39,38
1103,39,43
1104,39,49
1105,39,57
1106,39,131
1107,39,132
1108,39,144
1109,39,145
1110,39,149
1111,39,150
1112,39,158
1113,39,159
1114,39,167
1115,39,168
1116,39,179
1117,39,180
1118,39,183
1119,39,184
1120,39,191
1121,39,192
1122,40,8
1123,40,9
1124,40,17
1125,40,18
1126,40,33
1127,40,34
1128,40,35
1129,40,36
1130,40,37
1131,40,38
1132,40,44
1133,40,50
1134,40,58
1135,40,127
1136,40,129
1137,40,133
1138,40,134
1139,40,136
1140,40,138
1141,40,140
1142,40,142
1143,40,146
1144,40,147
1145,40,151
1146,40,152
1147,40,154
1148,40,156
1149,40,160
1150,40,161
1151,40,163
1152,40,165
1153,40,169
1154,40,170
1155,40,171
1156,40,173
1157,40,175
1158,40,177
1159,40,181
1160,40,182
1161,40,185
1162,40,186
1163,40,187
1164,40,189
1165,40,193
1166,40,194
1167,41,10
1168,41,11
1169,41,19
1170,41,20
1171,41,33
1172,41,34
1173,41,35
1174,41,36
1175,41,37
1176,41,38
1177,41,45
1178,41,51
1179,41,52
1180,41,59
1181,41,60
1182,41,127
1183,41,128
1184,41,131
1185,41,133
1186,41,135
1187,41,136
1188,41,137
1189,41,138
1190,41,139
1191,41,144
1192,41,146
1193,41,148
1194,41,149
1195,41,151
1196,41,153
1197,41,154
1198,41,155
1199,41,158
1200,41,160
1201,41,162
1202,41,163
1203,41,164
1204,41,167
1205,41,169
1206,41,171
1207,41,172
1208,41,173
1209,41,174
1210,41,179
1211,41,181
1212,41,183
1213,41,185
1214,41,187
1215,41,188
1216,41,191
1217,41,193
1218,42,12
1219,42,13
1220,42,21
1221,42,22
1222,42,33
1223,42,34
1224,42,35
1225,42,36
1226,42,37
1227,42,38
1228,42,46
1229,42,53
1230,42,54
1231,42,61
1232,42,62
1233,42,129
1234,42,130
1235,42,132
1236,42,134
1237,42,135
1238,42,140
1239,42,141
1240,42,142
1241,42,143
1242,42,145
1243,42,147
1244,42,148
1245,42,150
1246,42,152
1247,42,153
1248,42,156
1249,42,157
1250,42,159
1251,42,161
1252,42,162
1253,42,165
1254,42,166
1255,42,168
1256,42,170
1257,42,175
1258,42,176
1259,42,177
1260,42,178
1261,42,180
1262,42,182
1263,42,184
1264,42,186
1265,42,189
1266,42,190
1267,42,192
1268,42,194
1269,43,7
1270,43,16
1271,43,33
1272,43,34
1273,43,35
1274,43,36
1275,43,37
1276,43,38
1277,43,39
1278,43,49
1279,43,57
1280,43,131
1281,43,132
1282,43,144
1283,43,145
1284,43,149
1285,43,150
1286,43,158
1287,43,159
1288,43,167
1289,43,168
1290,43,179
1291,43,180
1292,43,183
1293,43,184
1294,43,191
1295,43,192
1296,44,8
1297,44,9
1298,44,17
1299,44,18
1300,44,33
1301,44,34
1302,44,35
1303,44,36
1304,44,37
1305,44,38
1306,44,40
1307,44,50
1308,44,58
1309,44,127
1310,44,129
1311,44,133
1312,44,134
1313,44,136
1314,44,138
1315,44,140
1316,44,142
1317,44,146
1318,44,147
1319,44,151
1320,44,152
1321,44,154
1322,44,156
1323,44,160
1324,44,161
1325,44,163
1326,44,165
1327,44,169
1328,44,170
1329,44,171
1330,44,173
1331,44,175
1332,44,177
1333,44,181
1334,44,182
1335,44,185
1336,44,186
1337,44,187
1338,44,189
1339,44,193
1340,44,194
1341,45,10
1342,45,11
1343,45,19
1344,45,20
1345,45,33
1346,45,34
1347,45,35
1348,45,36
1349,45,37
1350,45,38
1351,45,41
1352,45,51
1353,45,52
1354,45,59
1355,45,60
1356,45,127
1357,45,128
1358,45,131
1359,45,133
1360,45,135
1361,45,136
1362,45,137
1363,45,138
1364,45,139
1365,45,144
1366,45,146
1367,45,148
1368,45,149
1369,45,151
1370,45,153
1371,45,154
1372,45,155
1373,45,158
1374,45,160
1375,45,162
1376,45,163
1377,45,164
1378,45,167
1379,45,169
1380,45,171
1381,45,172
1382,45,173
1383,45,174
1384,45,179
1385,45,181
1386,45,183
1387,45,185
1388,45,187
1389,45,188
1390,45,191
1391,45,193
1392,46,12
1393,46,13
1394,46,21
1395,46,22
1396,46,33
1397,46,34
1398,46,35
1399,46,36
1400,46,37
1401,46,38
1402,46,42
1403,46,53
1404,46,54
1405,46,61
1406,46,62
1407,46,129
1408,46,130
1409,46,132
1410,46,134
1411,46,135
1412,46,140
1413,46,141
1414,46,142
1415,46,143
1416,46,145
1417,46,147
1418,46,148
1419,46,150
1420,46,152
1421,46,153
1422,46,156
1423,46,157
1424,46,159
1425,46,161
1426,46,162
1427,46,165
1428,46,166
1429,46,168
1430,46,170
1431,46,175
1432,46,176
1433,46,177
1434,46,178
1435,46,180
1436,46,182
1437,46,184
1438,46,186
1439,46,189
1440,46,190
1441,46,192
1442,46,194
1443,47,5
1444,47,14
1445,47,33
1446,47,34
1447,47,35
1448,47,36
1449,47,37
1450,47,38
1451,47,55
1452,48,6
1453,48,15
1454,48,33
1455,48,34
1456,48,35
1457,48,36
1458,48,37
1459,48,38
1460,48,56
1461,49,7
1462,49,16
1463,49,33
1464,49,34
1465,49,35
1466,49,36
1467,49,37
1468,49,38
1469,49,39
1470,49,43
1471,49,57
1472,49,131
1473,49,132
1474,49,144
1475,49,145
1476,49,149
1477,49,150
1478,49,158
1479,49,159
1480,49,167
1481,49,168
1482,49,179
1483,49,180
1484,49,183
1485,49,184
1486,49,191
1487,49,192
1488,50,8
1489,50,9
1490,50,17
1491,50,18
1492,50,33
1493,50,34
1494,50,35
1495,50,36
1496,50,37
1497,50,38
1498,50,40
1499,50,44
1500,50,58
1501,50,127
1502,50,129
1503,50,133
1504,50,134
1505,50,136
1506,50,138
1507,50,140
1508,50,142
1509,50,146
1510,50,147
1511,50,151
1512,50,152
1513,50,154
1514,50,156
1515,50,160
1516,50,161
1517,50,163
1518,50,165
1519,50,169
1520,50,170
1521,50,171
1522,50,173
1523,50,175
1524,50,177
1525,50,181
1526,50,182
1527,50,185
1528,50,186
1529,50,187
1530,50,189
1531,50,193
1532,50,194
1533,51,10
1534,51,11
1535,51,19
1536,51,20
1537,51,33
1538,51,34
1539,51,35
1540,51,36
1541,51,37
1542,51,38
1543,51,41
1544,51,45
1545,51,52
1546,51,59
1547,51,60
1548,51,127
1549,51,128
1550,51,131
1551,51,133
1552,51,135
1553,51,136
1554,51,137
1555,51,138
1556,51,139
1557,51,144
1558,51,146
1559,51,148
1560,51,149
1561,51,151
1562,51,153
1563,51,154
1564,51,155
1565,51,158
1566,51,160
1567,51,162
1568,51,163
1569,51,164
1570,51,167
1571,51,169
1572,51,171
1573,51,172
1574,51,173
1575,51,174
1576,51,179
1577,51,181
1578,51,183
1579,51,185
1580,51,187
1581,51,188
1582,51,191
1583,51,193
1584,52,10
1585,52,11
1586,52,19
1587,52,20
1588,52,33
1589,52,34
1590,52,35
1591,52,36
1592,52,37
1593,52,38
1594,52,41
1595,52,45
1596,52,51
1597,52,59
1598,52,60
1599,52,127
1600,52,128
1601,52,131
1602,52,133
1603,52,135
1604,52,136
1605,52,137
1606,52,138
1607,52,139
1608,52,144
1609,52,146
1610,52,148
1611,52,149
1612,52,151
1613,52,153
1614,52,154
1615,52,155
1616,52,158
1617,52,160
1618,52,162
1619,52,163
1620,52,164
1621,52,167
1622,52,169
1623,52,171
1624,52,172
1625,52,173
1626,52,174
1627,52,179
1628,52,181
1629,52,183
1630,52,185
1631,52,187
1632,52,188
1633,52,191
1634,52,193
1635,53,12
1636,53,13
1637,53,21
1638,53,22
1639,53,33
1640,53,34
1641,53,35
1642,53,36
1643,53,37
1644,53,38
1645,53,42
1646,53,46
1647,53,54
1648,53,61
1649,53,62
1650,53,129
1651,53,130
1652,53,132
1653,53,134
1654,53,135
1655,53,140
1656,53,141
1657,53,142
1658,53,143
1659,53,145
1660,53,147
1661,53,148
1662,53,150
1663,53,152
1664,53,153
1665,53,156
1666,53,157
1667,53,159
1668,53,161
1669,53,162
1670,53,165
1671,53,166
1672,53,168
1673,53,170
1674,53,175
1675,53,176
1676,53,177
1677,53,178
1678,53,180
1679,53,182
1680,53,184
1681,53,186
1682,53,189
1683,53,190
1684,53,192
1685,53,194
1686,54,12
1687,54,13
1688,54,21
1689,54,22
1690,54,33
1691,54,34
1692,54,35
1693,54,36
1694,54,37
1695,54,38
1696,54,42
1697,54,46
1698,54,53
1699,54,61
1700,54,62
1701,54,129
1702,54,130
1703,54,132
1704,54,134
1705,54,135
1706,54,140
1707,54,141
1708,54,142
1709,54,143
1710,54,145
1711,54,147
1712,54,148
1713,54,150
1714,54,152
1715,54,153
1716,54,156
1717,54,157
1718,54,159
1719,54,161
1720,54,162
1721,54,165
1722,54,166
1723,54,168
1724,54,170
1725,54,175
1726,54,176
1727,54,177
1728,54,178
1729,54,180
1730,54,182
1731,54,184
1732,54,186
1733,54,189
1734,54,190
1735,54,192
1736,54,194
1737,55,5
1738,55,14
1739,55,33
1740,55,34
1741,55,35
1742,55,36
1743,55,37
1744,55,38
1745,55,47
1746,56,6
1747,56,15
1748,56,33
1749,56,34
1750,56,35
1751,56,36
1752,56,37
1753,56,38
1754,56,48
1755,57,7
1756,57,16
1757,57,33
1758,57,34
1759,57,35
1760,57,36
1761,57,37
1762,57,38
1763,57,39
1764,57,43
1765,57,49
1766,57,131
1767,57,132
1768,57,144
1769,57,145
1770,57,149
1771,57,150
1772,57,158
1773,57,159
1774,57,167
1775,57,168
1776,57,179
1777,57,180
1778,57,183
1779,57,184
1780,57,191
1781,57,192
1782,58,8
1783,58,9
1784,58,17
1785,58,18
1786,58,33
1787,58,34
1788,58,35
1789,58,36
1790,58,37
1791,58,38
1792,58,40
1793,58,44
1794,58,50
1795,58,127
1796,58,129
1797,58,133
1798,58,134
1799,58,136
1800,58,138
1801,58,140
1802,58,142
1803,58,146
1804,58,147
1805,58,151
1806,58,152
1807,58,154
1808,58,156
1809,58,160
1810,58,161
1811,58,163
1812,58,165
1813,58,169
1814,58,170
1815,58,171
1816,58,173
1817,58,175
1818,58,177
1819,58,181
1820,58,182
1821,58,185
1822,58,186
1823,58,187
1824,58,189
1825,58,193
1826,58,194
1827,59,10
1828,59,11
1829,59,19
1830,59,20
1831,59,33
1832,59,34
1833,59,35
1834,59,36
1835,59,37
1836,59,38
1837,59,41
1838,59,45
1839,59,51
1840,59,52
1841,59,60
1842,59,127
1843,59,128
1844,59,131
1845,59,133
1846,59,135
1847,59,136
1848,59,137
1849,59,138
1850,59,139
1851,59,144
1852,59,146
1853,59,148
1854,59,149
1855,59,151
1856,59,153
1857,59,154
1858,59,155
1859,59,158
1860,59,160
1861,59,162
1862,59,163
1863,59,164
1864,59,167
1865,59,169
1866,59,171
1867,59,172
1868,59,173
1869,59,174
1870,59,179
1871,59,181
1872,59,183
1873,59,185
1874,59,187
1875,59,188
1876,59,191
1877,59,193
1878,60,10
1879,60,11
1880,60,19
1881,60,20
1882,60,33
1883,60,34
1884,60,35
1885,60,36
1886,60,37
1887,60,38
1888,60,41
1889,60,45
1890,60,51
1891,60,52
1892,60,59
1893,60,127
1894,60,128
1895,60,131
1896,60,133
1897,60,135
1898,60,136
1899,60,137
1900,60,138
1901,60,139
1902,60,144
1903,60,146
1904,60,148
1905,60,149
1906,60,151
1907,60,153
1908,60,154
1909,60,155
1910,60,158
1911,60,160
1912,60,162
1913,60,163
1914,60,164
1915,60,167
1916,60,169
1917,60,171
1918,60,172
1919,60,173
1920,60,174
1921,60,179
1922,60,181
1923,60,183
1924,60,185
1925,60,187
1926,60,188
1927,60,191
1928,60,193
1929,61,12
1930,61,13
1931,61,21
1932,61,22
1933,61,33
1934,61,34
1935,61,35
1936,61,36
1937,61,37
1938,61,38
1939,61,42
1940,61,46
1941,61,53
1942,61,54
1943,61,62
1944,61,129
1945,61,130
1946,61,132
1947,61,134
1948,61,135
1949,61,140
1950,61,141
1951,61,142
1952,61,143
1953,61,145
1954,61,147
1955,61,148
1956,61,150
1957,61,152
1958,61,153
1959,61,156
1960,61,157
1961,61,159
1962,61,161
1963,61,162
1964,61,165
1965,61,166
1966,61,168
1967,61,170
1968,61,175
1969,61,176
1970,61,177
1971,61,178
1972,61,180
1973,61,182
1974,61,184
1975,61,186
1976,61,189
1977,61,190
1978,61,192
1979,61,194
1980,62,12
1981,62,13
1982,62,21
1983,62,22
1984,62,33
1985,62,34
1986,62,35
1987,62,36
1988,62,37
1989,62,38
1990,62,42
1991,62,46
1992,62,53
1993,62,54
1994,62,61
1995,62,129
1996,62,130
1997,62,132
1998,62,134
1999,62,135
2000,62,140
2001,62,141
2002,62,142
2003,62,143
2004,62,145
2005,62,147
2006,62,148
2007,62,150
2008,62,152
2009,62,153
2010,62,156
2011,62,157
2012,62,159
2013,62,161
2014,62,162
2015,62,165
2016,62,166
2017,62,168
2018,62,170
2019,62,175
2020,62,176
2021,62,177
2022,62,178
2023,62,180
2024,62,182
2025,62,184
2026,62,186
2027,62,189
2028,62,190
2029,62,192
2030,62,194
2031,63,23
2032,63,24
2033,63,25
2034,63,26
2035,63,27
2036,63,28
2037,63,29
2038,63,30
2039,63,31
2040,63,32
2041,63,64
2042,63,65
2043,63,66
2044,63,67
2045,63,68
2046,63,69
2047,63,70
2048,63,71
2049,63,72
2050,63,73
2051,63,74
2052,63,75
2053,63,76
2054,63,77
2055,63,78
2056,63,79
2057,63,80
2058,63,81
2059,63,82
2060,63,83
2061,63,84
2062,63,85
2063,63,86
2064,63,87
2065,63,88
2066,63,89
2067,63,90
2068,63,91
2069,63,92
2070,63,93
2071,63,94
2072,63,95
2073,63,96
2074,63,97
2075,63,98
2076,63,99
2077,63,100
2078,63,101
2079,63,102
2080,63,103
2081,63,104
2082,63,105
2083,63,106
2084,63,107
2085,63,108
2086,63,109
2087,63,110
2088,63,111
2089,63,112
2090,63,113
2091,63,114
2092,63,115
2093,63,116
2094,63,117
2095,63,118
2096,63,119
2097,63,120
2098,63,121
2099,63,122
2100,63,123
2101,63,124
2102,63,125
2103,63,126
2104,64,23
2105,64,24
2106,64,25
2107,64,26
2108,64,27
2109,64,28
2110,64,29
2111,64,30
2112,64,31
2113,64,32
2114,64,63
2115,64,65
2116,64,66
2117,64,67
2118,64,68
2119,64,69
2120,64,70
2121,64,71
2122,64,72
2123,64,73
2124,64,74
2125,64,75
2126,64,76
2127,64,77
2128,64,78
2129,64,79
2130,64,80
2131,64,81
2132,64,82
2133,64,83
2134,64,84
2135,64,85
2136,64,86
2137,64,87
2138,64,88
2139,64,89
2140,64,90
2141,64,91
2142,64,92
2143,64,93
2144,64,94
2145,64,95
2146,64,96
2147,64,97
2148,64,98
2149,64,99
2150,64,100
2151,64,101
2152,64,102
2153,64,103
2154,64,104
2155,64,105
2156,64,106
2157,64,107
2158,64,108
2159,64,109
2160,64,110
2161,64,111
2162,64,112
2163,64,113
2164,64,114
2165,64,115
2166,64,116
2167,64,117
2168,64,118
2169,64,119
2170,64,120
2171,64,121
2172,64,122
2173,64,123
2174,64,124
2175,64,125
2176,64,126
2177,65,23
2178,65,24
2179,65,25
2180,65,26
2181,65,27
2182,65,28
2183,65,29
2184,65,30
2185,65,31
2186,65,32
2187,65,63
2188,65,64
2189,65,66
2190,65,67
2191,65,68
2192,65,69
2193,65,70
2194,65,71
2195,65,72
2196,65,73
2197,65,74
2198,65,75
2199,65,76
2200,65,77
2201,65,78
2202,65,79
2203,65,80
2204,65,81
2205,65,82
2206,65,83
2207,65,84
2208,65,85
2209,65,86
2210,65,87
2211,65,88
2212,65,89
2213,65,90
2214,65,91
2215,65,92
2216,65,93
2217,65,94
2218,65,95
2219,65,96
2220,65,97
2221,65,98
2222,65,99
2223,65,100
2224,65,101
2225,65,102
2226,65,103
2227,65,104
2228,65,105
2229,65,106
2230,65,107
2231,65,108
2232,65,109
2233,65,110
2234,65,111
2235,65,112
2236,65,113
2237,65,114
2238,65,115
2239,65,116
2240,65,117
2241,65,118
2242,65,119
2243,65,120
2244,65,121
2245,65,122
2246,65,123
2247,65,124
2248,65,125
2249,65,126
2250,66,23
2251,66,24
2252,66,25
2253,66,26
2254,66,27
2255,66,28
2256,66,29
2257,66,30
2258,66,31
2259,66,32
2260,66,63
2261,66,64
2262,66,65
2263,66,67
2264,66,68
2265,66,69
2266,66,70
2267,66,71
2268,66,72
2269,66,73
2270,66,74
2271,66,75
2272,66,76
2273,66,77
2274,66,78
2275,66,79
2276,66,80
2277,66,81
2278,66,82
2279,66,83
2280,66,84
2281,66,85
2282,66,86
2283,66,87
2284,66,88
2285,66,89
2286,66,90
2287,66,91
2288,66,92
2289,66,93
2290,66,94
2291,66,95
2292,66,96
2293,66,97
2294,66,98
2295,66,99
2296,66,100
2297,66,101
2298,66,102
2299,66,103
2300,66,104
2301,66,105
2302,66,106
2303,66,107
2304,66,108
2305,66,109
2306,66,110
2307,66,111
2308,66,112
2309,66,113
2310,66,114
2311,66,115
2312,66,116
2313,66,117
2314,66,118
2315,66,119
2316,66,120
2317,66,121
2318,66,122
2319,66,123
2320,66,124
2321,66,125
2322,66,126
2323,67,23
2324,67,24
2325,67,25
2326,67,26
2327,67,27
2328,67,28
2329,67,29
2330,67,30
2331,67,31
2332,67,32
2333,67,63
2334,67,64
2335,67,65
2336,67,66
2337,67,68
2338,67,69
2339,67,70
2340,67,71
2341,67,72
2342,67,73
2343,67,74
2344,67,75
2345,67,76
2346,67,77
2347,67,78
2348,67,79
2349,67,80
2350,67,81
2351,67,82
2352,67,83
2353,67,84
2354,67,85
2355,67,86
2356,67,87
2357,67,88
2358,67,89
2359,67,90
2360,67,91
2361,67,92
2362,67,93
2363,67,94
2364,67,95
2365,67,96
2366,67,97
2367,67,98
2368,67,99
2369,67,100
2370,67,101
2371,67,102
2372,67,103
2373,67,104
2374,67,105
2375,67,106
2376,67,107
2377,67,108
2378,67,109
2379,67,110
2380,67,111
2381,67,112
2382,67,113
2383,67,114
2384,67,115
2385,67,116
2386,67,117
2387,67,118
2388,67,119
2389,67,120
2390,67,121
2391,67,122
2392,67,123
2393,67,124
2394,67,125
2395,67,126
2396,68,23
2397,68,24
2398,68,25
2399,68,26
2400,68,27
2401,68,28
2402,68,29
2403,68,30
2404,68,31
2405,68,32
2406,68,63
2407,68,64
2408,68,65
2409,68,66
2410,68,67
2411,68,69
2412,68,70
2413,68,71
2414,68,72
2415,68,73
2416,68,74
2417,68,75
2418,68,76
2419,68,77
2420,68,78
2421,68,79
2422,68,80
2423,68,81
2424,68,82
2425,68,83
2426,68,84
2427,68,85
2428,68,86
2429,68,87
2430,68,88
2431,68,89
2432,68,90
2433,68,91
2434,68,92
2435,68,93
2436,68,94
2437,68,95
2438,68,96
2439,68,97
2440,68,98
2441,68,99
2442,68,100
2443,68,101
2444,68,102
2445,68,103
2446,68,104
2447,68,105
2448,68,106
2449,68,107
2450,68,108
2451,68,109
2452,68,110
2453,68,111
2454,68,112
2455,68,113
2456,68,114
2457,68,115
2458,68,116
2459,68,117
2460,68,118
2461,68,119
2462,68,120
2463,68,121
2464,68,122
2465,68,123
2466,68,124
2467,68,125
2468,68,126
2469,69,23
2470,69,24
2471,69,25
2472,69,26
2473,69,27
2474,69,28
2475,69,29
2476,69,30
2477,69,31
2478,69,32
2479,69,63
2480,69,64
2481,69,65
2482,69,66
2483,69,67
2484,69,68
2485,69,70
2486,69,71
2487,69,72
2488,69,73
2489,69,74
2490,69,75
2491,69,76
2492,69,77
2493,69,78
2494,69,79
2495,69,80
2496,69,81
2497,69,82
2498,69,83
2499,69,84
2500,69,85
2501,69,86
2502,69,87
2503,69,88
2504,69,89
2505,69,90
2506,69,91
2507,69,92
2508,69,93
2509,69,94
2510,69,95
2511,69,96
2512,69,97
2513,69,98
2514,69,99
2515,69,100
2516,69,101
2517,69,102
2518,69,103
2519,69,104
2520,69,105
2521,69,106
2522,69,107
2523,69,108
2524,69,109
2525,69,110
2526,69,111
2527,69,112
2528,69,113
2529,69,114
2530,69,115
2531,69,116
2532,69,117
2533,69,118
2534,69,119
2535,69,120
2536,69,121
2537,69,122
2538,69,123
2539,69,124
2540,69,125
2541,69,126
2542,70,23
2543,70,24
2544,70,25
2545,70,26
2546,70,27
2547,70,28
2548,70,29
2549,70,30
2550,70,31
2551,70,32
2552,70,63
2553,70,64
2554,70,65
2555,70,66
2556,70,67
2557,70,68
2558,70,69
2559,70,71
2560,70,72
2561,70,73
2562,70,74
2563,70,75
2564,70,76
2565,70,77
2566,70,78
2567,70,79
2568,70,80
2569,70,81
2570,70,82
2571,70,83
2572,70,84
2573,70,85
2574,70,86
2575,70,87
2576,70,88
2577,70,89
2578,70,90
2579,70,91
2580,70,92
2581,70,93
2582,70,94
2583,70,95
2584,70,96
2585,70,97
2586,70,98
2587,70,99
2588,70,100
2589,70,101
2590,70,102
2591,70,103
2592,70,104
2593,70,105
2594,70,106
2595,70,107
2596,70,108
2597,70,109
2598,70,110
2599,70,111
2600,70,112
2601,70,113
2602,70,114
2603,70,115
2604,70,116
2605,70,117
2606,70,118
2607,70,119
2608,70,120
2609,70,121
2610,70,122
2611,70,123
2612,70,124
2613,70,125
2614,70,126
2615,71,29
2616,71,30
2617,71,31
2618,71,32
2619,71,63
2620,71,64
2621,71,65
2622,71,66
2623,71,67
2624,71,68
2625,71,69
2626,71,70
2627,71,73
2628,71,74
2629,71,79
2630,71,81
2631,71,82
2632,71,87
2633,71,90
2634,71,93
2635,71,95
2636,71,98
2637,71,102
2638,71,105
2639,71,108
2640,71,111
2641,71,114
2642,71,115
2643,71,117
2644,71,120
2645,71,122
2646,71,123
2647,71,126
2648,72,29
2649,72,30
2650,72,31
2651,72,32
2652,72,63
2653,72,64
2654,72,65
2655,72,66
2656,72,67
2657,72,68
2658,72,69
2659,72,70
2660,72,80
2661,72,88
2662,72,94
2663,72,96
2664,72,106
2665,72,112
2666,72,116
2667,72,118
2668,72,124
2669,73,29
2670,73,30
2671,73,31
2672,73,32
2673,73,63
2674,73,64
2675,73,65
2676,73,66
2677,73,67
2678,73,68
2679,73,69
2680,73,70
2681,73,71
2682,73,74
2683,73,79
2684,73,81
2685,73,82
2686,73,87
2687,73,90
2688,73,93
2689,73,95
2690,73,98
2691,73,102
2692,73,105
2693,73,108
2694,73,111
2695,73,114
2696,73,115
2697,73,117
2698,73,120
2699,73,122
2700,73,123
2701,73,126
2702,74,29
2703,74,30
2704,74,31
2705,74,32
2706,74,63
2707,74,64
2708,74,65
2709,74,66
2710,74,67
2711,74,68
2712,74,69
2713,74,70
2714,74,71
2715,74,73
2716,74,79
2717,74,81
2718,74,82
2719,74,87
2720,74,90
2721,74,93
2722,74,95
2723,74,98
2724,74,102
2725,74,105
2726,74,108
2727,74,111
2728,74,114
2729,74,115
2730,74,117
2731,74,120
2732,74,122
2733,74,123
2734,74,126
2735,75,29
2736,75,30
2737,75,31
2738,75,32
2739,75,63
2740,75,64
2741,75,65
2742,75,66
2743,75,67
2744,75,68
2745,75,69
2746,75,70
2747,75,76
2748,75,83
2749,75,84
2750,75,91
2751,75,99
2752,75,103
2753,75,109
2754,76,29
2755,76,30
2756,76,31
2757,76,32
2758,76,63
2759,76,64
2760,76,65
2761,76,66
2762,76,67
2763,76,68
2764,76,69
2765,76,70
2766,76,75
2767,76,83
2768,76,84
2769,76,91
2770,76,99
2771,76,103
2772,76,109
2773,77,29
2774,77,30
2775,77,31
2776,77,32
2777,77,63
2778,77,64
2779,77,65
2780,77,66
2781,77,67
2782,77,68
2783,77,69
2784,77,70
2785,77,78
2786,77,85
2787,77,86
2788,77,92
2789,77,100
2790,77,104
2791,77,110
2792,78,29
2793,78,30
2794,78,31
2795,78,32
2796,78,63
2797,78,64
2798,78,65
2799,78,66
2800,78,67
2801,78,68
2802,78,69
2803,78,70
2804,78,77
2805,78,85
2806,78,86
2807,78,92
2808,78,100
2809,78,104
2810,78,110
2811,79,29
2812,79,30
2813,79,31
2814,79,32
2815,79,63
2816,79,64
2817,79,65
2818,79,66
2819,79,67
2820,79,68
2821,79,69
2822,79,70
2823,79,71
2824,79,73
2825,79,74
2826,79,81
2827,79,82
2828,79,87
2829,79,90
2830,79,93
2831,79,95
2832,79,98
2833,79,102
2834,79,105
2835,79,108
2836,79,111
2837,79,114
2838,79,115
2839,79,117
2840,79,120
2841,79,122
2842,79,123
2843,79,126
2844,80,29
2845,80,30
2846,80,31
2847,80,32
2848,80,63
2849,80,64
2850,80,65
2851,80,66
2852,80,67
2853,80,68
2854,80,69
2855,80,70
2856,80,72
2857,80,88
2858,80,94
2859,80,96
2860,80,106
2861,80,112
2862,80,116
2863,80,118
2864,80,124
2865,81,29
2866,81,30
2867,81,31
2868,81,32
2869,81,63
2870,81,64
2871,81,65
2872,81,66
2873,81,67
2874,81,68
2875,81,69
2876,81,70
2877,81,71
2878,81,73
2879,81,74
2880,81,79
2881,81,82
2882,81,87
2883,81,90
2884,81,93
2885,81,95
2886,81,98
2887,81,102
2888,81,105
2889,81,108
2890,81,111
2891,81,114
2892,81,115
2893,81,117
2894,81,120
2895,81,122
2896,81,123
2897,81,126
2898,82,29
2899,82,30
2900,82,31
2901,82,32
2902,82,63
2903,82,64
2904,82,65
2905,82,66
2906,82,67
2907,82,68
2908,82,69
2909,82,70
2910,82,71
2911,82,73
2912,82,74
2913,82,79
2914,82,81
2915,82,87
2916,82,90
2917,82,93
2918,82,95
2919,82,98
2920,82,102
2921,82,105
2922,82,108
2923,82,111
2924,82,114
2925,82,115
2926,82,117
2927,82,120
2928,82,122
2929,82,123
2930,82,126
2931,83,29
2932,83,30
2933,83,31
2934,83,32
2935,83,63
2936,83,64
2937,83,65
2938,83,66
2939,83,67
2940,83,68
2941,83,69
2942,83,70
2943,83,75
2944,83,76
2945,83,84
2946,83,91
2947,83,99
2948,83,103
2949,83,109
2950,84,29
2951,84,30
2952,84,31
2953,84,32
2954,84,63
2955,84,64
2956,84,65
2957,84,66
2958,84,67
2959,84,68
2960,84,69
2961,84,70
2962,84,75
2963,84,76
2964,84,83
2965,84,91
2966,84,99
2967,84,103
2968,84,109
2969,85,29
2970,85,30
2971,85,31
2972,85,32
2973,85,63
2974,85,64
2975,85,65
2976,85,66
2977,85,67
2978,85,68
2979,85,69
2980,85,70
2981,85,77
2982,85,78
2983,85,86
2984,85,92
2985,85,100
2986,85,104
2987,85,110
2988,86,29
2989,86,30
2990,86,31
2991,86,32
2992,86,63
2993,86,64
2994,86,65
2995,86,66
2996,86,67
2997,86,68
2998,86,69
2999,86,70
3000,86,77
3001,86,78
3002,86,85
3003,86,92
3004,86,100
3005,86,104
3006,86,110
3007,87,33
3008,87,34
3009,87,35
3010,87,36
3011,87,37
3012,87,38
3013,87,63
3014,87,64
3015,87,65
3016,87,66
3017,87,67
3018,87,68
3019,87,69
3020,87,70
3021,87,71
3022,87,73
3023,87,74
3024,87,79
3025,87,81
3026,87,82
3027,87,90
3028,87,93
3029,87,95
3030,87,98
3031,87,102
3032,87,105
3033,87,108
3034,87,111
3035,87,114
3036,87,115
3037,87,117
3038,87,120
3039,87,122
3040,87,123
3041,87,126
3042,87,127
3043,87,129
3044,87,133
3045,87,134
3046,87,136
3047,87,138
3048,87,140
3049,87,142
3050,87,146
3051,87,147
3052,87,151
3053,87,152
3054,87,154
3055,87,156
3056,87,160
3057,87,161
3058,87,163
3059,87,165
3060,87,169
3061,87,170
3062,87,171
3063,87,173
3064,87,175
3065,87,177
3066,87,181
3067,87,182
3068,87,185
3069,87,186
3070,87,187
3071,87,189
3072,87,193
3073,87,194
3074,88,33
3075,88,34
3076,88,35
3077,88,36
3078,88,37
3079,88,38
3080,88,63
3081,88,64
3082,88,65
3083,88,66
3084,88,67
3085,88,68
3086,88,69
3087,88,70
3088,88,72
3089,88,80
3090,88,94
3091,88,96
3092,88,106
3093,88,112
3094,88,116
3095,88,118
3096,88,124
3097,88,128
3098,88,130
3099,88,137
3100,88,139
3101,88,141
3102,88,143
3103,88,155
3104,88,157
3105,88,164
3106,88,166
3107,88,172
3108,88,174
3109,88,176
3110,88,178
3111,88,188
3112,88,190
3113,89,33
3114,89,34
3115,89,35
3116,89,36
3117,89,37
3118,89,38
3119,89,63
3120,89,64
3121,89,65
3122,89,66
3123,89,67
3124,89,68
3125,89,69
3126,89,70
3127,89,97
3128,89,101
3129,89,107
3130,89,113
3131,89,119
3132,89,121
3133,89,125
3134,89,131
3135,89,132
3136,89,144
3137,89,145
3138,89,149
3139,89,150
3140,89,158
3141,89,159
3142,89,167
3143,89,168
3144,89,179
3145,89,180
3146,89,183
3147,89,184
3148,89,191
3149,89,192
3150,90,33
3151,90,34
3152,90,35
3153,90,36
3154,90,37
3155,90,38
3156,90,63
3157,90,64
3158,90,65
3159,90,66
3160,90,67
3161,90,68
3162,90,69
3163,90,70
3164,90,71
3165,90,73
3166,90,74
3167,90,79
3168,90,81
3169,90,82
3170,90,87
3171,90,93
3172,90,95
3173,90,98
3174,90,102
3175,90,105
3176,90,108
3177,90,111
3178,90,114
3179,90,115
3180,90,117
3181,90,120
3182,90,122
3183,90,123
3184,90,126
3185,90,127
3186,90,129
3187,90,133
3188,90,134
3189,90,136
3190,90,138
3191,90,140
3192,90,142
3193,90,146
3194,90,147
3195,90,151
3196,90,152
3197,90,154
3198,90,156
3199,90,160
3200,90,161
3201,90,163
3202,90,165
3203,90,169
3204,90,170
3205,90,171
3206,90,173
3207,90,175
3208,90,177
3209,90,181
3210,90,182
3211,90,185
3212,90,186
3213,90,187
3214,90,189
3215,90,193
3216,90,194
3217,91,33
3218,91,34
3219,91,35
3220,91,36
3221,91,37
3222,91,38
3223,91,63
3224,91,64
3225,91,65
3226,91,66
3227,91,67
3228,91,68
3229,91,69
3230,91,70
3231,91,75
3232,91,76
3233,91,83
3234,91,84
3235,91,99
3236,91,103
3237,91,109
3238,91,127
3239,91,128
3240,91,131
3241,91,133
3242,91,135
3243,91,136
3244,91,137
3245,91,138
3246,91,139
3247,91,144
3248,91,146
3249,91,148
3250,91,149
3251,91,151
3252,91,153
3253,91,154
3254,91,155
3255,91,158
3256,91,160
3257,91,162
3258,91,163
3259,91,164
3260,91,167
3261,91,169
3262,91,171
3263,91,172
3264,91,173
3265,91,174
3266,91,179
3267,91,181
3268,91,183
3269,91,185
3270,91,187
3271,91,188
3272,91,191
3273,91,193
3274,92,33
3275,92,34
3276,92,35
3277,92,36
3278,92,37
3279,92,38
3280,92,63
3281,92,64
3282,92,65
3283,92,66
3284,92,67
3285,92,68
3286,92,69
3287,92,70
3288,92,77
3289,92,78
3290,92,85
3291,92,86
3292,92,100
3293,92,104
3294,92,110
3295,92,129
3296,92,130
3297,92,132
3298,92,134
3299,92,135
3300,92,140
3301,92,141
3302,92,142
3303,92,143
3304,92,145
3305,92,147
3306,92,148
3307,92,150
3308,92,152
3309,92,153
3310,92,156
3311,92,157
3312,92,159
3313,92,161
3314,92,162
3315,92,165
3316,92,166
3317,92,168
3318,92,170
3319,92,175
3320,92,176
3321,92,177
3322,92,178
3323,92,180
3324,92,182
3325,92,184
3326,92,186
3327,92,189
3328,92,190
3329,92,192
3330,92,194
3331,93,33
3332,93,34
3333,93,35
3334,93,36
3335,93,37
3336,93,38
3337,93,63
3338,93,64
3339,93,65
3340,93,66
3341,93,67
3342,93,68
3343,93,69
3344,93,70
3345,93,71
3346,93,73
3347,93,74
3348,93,79
3349,93,81
3350,93,82
3351,93,87
3352,93,90
3353,93,95
3354,93,98
3355,93,102
3356,93,105
3357,93,108
3358,93,111
3359,93,114
3360,93,115
3361,93,117
3362,93,120
3363,93,122
3364,93,123
3365,93,126
3366,93,127
3367,93,129
3368,93,133
3369,93,134
3370,93,136
3371,93,138
3372,93,140
3373,93,142
3374,93,146
3375,93,147
3376,93,151
3377,93,152
3378,93,154
3379,93,156
3380,93,160
3381,93,161
3382,93,163
3383,93,165
3384,93,169
3385,93,170
3386,93,171
3387,93,173
3388,93,175
3389,93,177
3390,93,181
3391,93,182
3392,93,185
3393,93,186
3394,93,187
3395,93,189
3396,93,193
3397,93,194
3398,94,33
3399,94,34
3400,94,35
3401,94,36
3402,94,37
3403,94,38
3404,94,63
3405,94,64
3406,94,65
3407,94,66
3408,94,67
3409,94,68
3410,94,69
3411,94,70
3412,94,72
3413,94,80
3414,94,88
3415,94,96
3416,94,106
3417,94,112
3418,94,116
3419,94,118
3420,94,124
3421,94,128
3422,94,130
3423,94,137
3424,94,139
3425,94,141
3426,94,143
3427,94,155
3428,94,157
3429,94,164
3430,94,166
3431,94,172
3432,94,174
3433,94,176
3434,94,178
3435,94,188
3436,94,190
3437,95,33
3438,95,34
3439,95,35
3440,95,36
3441,95,37
3442,95,38
3443,95,63
3444,95,64
3445,95,65
3446,95,66
3447,95,67
3448,95,68
3449,95,69
3450,95,70
3451,95,71
3452,95,73
3453,95,74
3454,95,79
3455,95,81
3456,95,82
3457,95,87
3458,95,90
3459,95,93
3460,95,98
3461,95,102
3462,95,105
3463,95,108
3464,95,111
3465,95,114
3466,95,115
3467,95,117
3468,95,120
3469,95,122
3470,95,123
3471,95,126
3472,95,127
3473,95,129
3474,95,133
3475,95,134
3476,95,136
3477,95,138
3478,95,140
3479,95,142
3480,95,146
3481,95,147
3482,95,151
3483,95,152
3484,95,154
3485,95,156
3486,95,160
3487,95,161
3488,95,163
3489,95,165
3490,95,169
3491,95,170
3492,95,171
3493,95,173
3494,95,175
3495,95,177
3496,95,181
3497,95,182
3498,95,185
3499,95,186
3500,95,187
3501,95,189
3502,95,193
3503,95,194
3504,96,33
3505,96,34
3506,96,35
3507,96,36
3508,96,37
3509,96,38
3510,96,63
3511,96,64
3512,96,65
3513,96,66
3514,96,67
3515,96,68
3516,96,69
3517,96,70
3518,96,72
3519,96,80
3520,96,88
3521,96,94
3522,96,106
3523,96,112
3524,96,116
3525,96,118
3526,96,124
3527,96,128
3528,96,130
3529,96,137
3530,96,139
3531,96,141
3532,96,143
3533,96,155
3534,96,157
3535,96,164
3536,96,166
3537,96,172
3538,96,174
3539,96,176
3540,96,178
3541,96,188
3542,96,190
3543,97,33
3544,97,34
3545,97,35
3546,97,36
3547,97,37
3548,97,38
3549,97,63
3550,97,64
3551,97,65
3552,97,66
3553,97,67
3554,97,68
3555,97,69
3556,97,70
3557,97,89
3558,97,101
3559,97,107
3560,97,113
3561,97,119
3562,97,121
3563,97,125
3564,97,131
3565,97,132
3566,97,144
3567,97,145
3568,97,149
3569,97,150
3570,97,158
3571,97,159
3572,97,167
3573,97,168
3574,97,179
3575,97,180
3576,97,183
3577,97,184
3578,97,191
3579,97,192
3580,98,33
3581,98,34
3582,98,35
3583,98,36
3584,98,37
3585,98,38
3586,98,63
3587,98,64
3588,98,65
3589,98,66
3590,98,67
3591,98,68
3592,98,69
3593,98,70
3594,98,71
3595,98,73
3596,98,74
3597,98,79
3598,98,81
3599,98,82
3600,98,87
3601,98,90
3602,98,93
3603,98,95
3604,98,102
3605,98,105
3606,98,108
3607,98,111
3608,98,114
3609,98,115
3610,98,117
3611,98,120
3612,98,122
3613,98,123
3614,98,126
3615,98,127
3616,98,129
3617,98,133
3618,98,134
3619,98,136
3620,98,138
3621,98,140
3622,98,142
3623,98,146
3624,98,147
3625,98,151
3626,98,152
3627,98,154
3628,98,156
3629,98,160
3630,98,161
3631,98,163
3632,98,165
3633,98,169
3634,98,170
3635,98,171
3636,98,173
3637,98,175
3638,98,177
3639,98,181
3640,98,182
3641,98,185
3642,98,186
3643,98,187
3644,98,189
3645,98,193
3646,98,194
3647,99,33
3648,99,34
3649,99,35
3650,99,36
3651,99,37
3652,99,38
3653,99,63
3654,99,64
3655,99,65
3656,99,66
3657,99,67
3658,99,68
3659,99,69
3660,99,70
3661,99,75
3662,99,76
3663,99,83
3664,99,84
3665,99,91
3666,99,103
3667,99,109
3668,99,127
3669,99,128
3670,99,131
3671,99,133
3672,99,135
3673,99,136
3674,99,137
3675,99,138
3676,99,139
3677,99,144
3678,99,146
3679,99,148
3680,99,149
3681,99,151
3682,99,153
3683,99,154
3684,99,155
3685,99,158
3686,99,160
3687,99,162
3688,99,163
3689,99,164
3690,99,167
3691,99,169
3692,99,171
3693,99,172
3694,99,173
3695,99,174
3696,99,179
3697,99,181
3698,99,183
3699,99,185
3700,99,187
3701,99,188
3702,99,191
3703,99,193
3704,100,33
3705,100,34
3706,100,35
3707,100,36
3708,100,37
3709,100,38
3710,100,63
3711,100,64
3712,100,65
3713,100,66
3714,100,67
3715,100,68
3716,100,69
3717,100,70
3718,100,77
3719,100,78
3720,100,85
3721,100,86
3722,100,92
3723,100,104
3724,100,110
3725,100,129
3726,100,130
3727,100,132
3728,100,134
3729,100,135
3730,100,140
3731,100,141
3732,100,142
3733,100,143
3734,100,145
3735,100,147
3736,100,148
3737,100,150
3738,100,152
3739,100,153
3740,100,156
3741,100,157
3742,100,159
3743,100,161
3744,100,162
3745,100,165
3746,100,166
3747,100,168
3748,100,170
3749,100,175
3750,100,176
3751,100,177
3752,100,178
3753,100,180
3754,100,182
3755,100,184
3756,100,186
3757,100,189
3758,100,190
3759,100,192
3760,100,194
3761,101,33
3762,101,34
3763,101,35
3764,101,36
3765,101,37
3766,101,38
3767,101,63
3768,101,64
3769,101,65
3770,101,66
3771,101,67
3772,101,68
3773,101,69
3774,101,70
3775,101,89
3776,101,97
3777,101,107
3778,101,113
3779,101,119
3780,101,121
3781,101,125
3782,101,131
3783,101,132
3784,101,144
3785,101,145
3786,101,149
3787,101,150
3788,101,158
3789,101,159
3790,101,167
3791,101,168
3792,101,179
3793,101,180
3794,101,183
3795,101,184
3796,101,191
3797,101,192
3798,102,33
3799,102,34
3800,102,35
3801,102,36
3802,102,37
3803,102,38
3804,102,63
3805,102,64
3806,102,65
3807,102,66
3808,102,67
3809,102,68
3810,102,69
3811,102,70
3812,102,71
3813,102,73
3814,102,74
3815,102,79
3816,102,81
3817,102,82
3818,102,87
3819,102,90
3820,102,93
3821,102,95
3822,102,98
3823,102,105
3824,102,108
3825,102,111
3826,102,114
3827,102,115
3828,102,117
3829,102,120
3830,102,122
3831,102,123
3832,102,126
3833,102,127
3834,102,129
3835,102,133
3836,102,134
3837,102,136
3838,102,138
3839,102,140
3840,102,142
3841,102,146
3842,102,147
3843,102,151
3844,102,152
3845,102,154
3846,102,156
3847,102,160
3848,102,161
3849,102,163
3850,102,165
3851,102,169
3852,102,170
3853,102,171
3854,102,173
3855,102,175
3856,102,177
3857,102,181
3858,102,182
3859,102,185
3860,102,186
3861,102,187
3862,102,189
3863,102,193
3864,102,194
3865,103,33
3866,103,34
3867,103,35
3868,103,36
3869,103,37
3870,103,38
3871,103,63
3872,103,64
3873,103,65
3874,103,66
3875,103,67
3876,103,68
3877,103,69
3878,103,70
3879,103,75
3880,103,76
3881,103,83
3882,103,84
3883,103,91
3884,103,99
3885,103,109
3886,103,127
3887,103,128
3888,103,131
3889,103,133
3890,103,135
3891,103,136
3892,103,137
3893,103,138
3894,103,139
3895,103,144
3896,103,146
3897,103,148
3898,103,149
3899,103,151
3900,103,153
3901,103,154
3902,103,155
3903,103,158
3904,103,160
3905,103,162
3906,103,163
3907,103,164
3908,103,167
3909,103,169
3910,103,171
3911,103,172
3912,103,173
3913,103,174
3914,103,179
3915,103,181
3916,103,183
3917,103,185
3918,103,187
3919,103,188
3920,103,191
3921,103,193
3922,104,33
3923,104,34
3924,104,35
3925,104,36
3926,104,37
3927,104,38
3928,104,63
3929,104,64
3930,104,65
3931,104,66
3932,104,67
3933,104,68
3934,104,69
3935,104,70
3936,104,77
3937,104,78
3938,104,85
3939,104,86
3940,104,92
3941,104,100
3942,104,110
3943,104,129
3944,104,130
3945,104,132
3946,104,134
3947,104,135
3948,104,140
3949,104,141
3950,104,142
3951,104,143
3952,104,145
3953,104,147
3954,104,148
3955,104,150
3956,104,152
3957,104,153
3958,104,156
3959,104,157
3960,104,159
3961,104,161
3962,104,162
3963,104,165
3964,104,166
3965,104,168
3966,104,170
3967,104,175
3968,104,176
3969,104,177
3970,104,178
3971,104,180
3972,104,182
3973,104,184
3974,104,186
3975,104,189
3976,104,190
3977,104,192
3978,104,194
3979,105,33
3980,105,34
3981,105,35
3982,105,36
3983,105,37
3984,105,38
3985,105,63
3986,105,64
3987,105,65
3988,105,66
3989,105,67
3990,105,68
3991,105,69
3992,105,70
3993,105,71
3994,105,73
3995,105,74
3996,105,79
3997,105,81
3998,105,82
3999,105,87
4000,105,90
4001,105,93
4002,105,95
4003,105,98
4004,105,102
4005,105,108
4006,105,111
4007,105,114
4008,105,115
4009,105,117
4010,105,120
4011,105,122
4012,105,123
4013,105,126
4014,105,127
4015,105,129
4016,105,133
4017,105,134
4018,105,136
4019,105,138
4020,105,140
4021,105,142
4022,105,146
4023,105,147
4024,105,151
4025,105,152
4026,105,154
4027,105,156
4028,105,160
4029,105,161
4030,105,163
4031,105,165
4032,105,169
4033,105,170
4034,105,171
4035,105,173
4036,105,175
4037,105,177
4038,105,181
4039,105,182
4040,105,185
4041,105,186
4042,105,187
4043,105,189
4044,105,193
4045,105,194
4046,106,33
4047,106,34
4048,106,35
4049,106,36
4050,106,37
4051,106,38
4052,106,63
4053,106,64
4054,106,65
4055,106,66
4056,106,67
4057,106,68
4058,106,69
4059,106,70
4060,106,72
4061,106,80
4062,106,88
4063,106,94
4064,106,96
4065,106,112
4066,106,116
4067,106,118
4068,106,124
4069,106,128
4070,106,130
4071,106,137
4072,106,139
4073,106,141
4074,106,143
4075,106,155
4076,106,157
4077,106,164
4078,106,166
4079,106,172
4080,106,174
4081,106,176
4082,106,178
4083,106,188
4084,106,190
4085,107,33
4086,107,34
4087,107,35
4088,107,36
4089,107,37
4090,107,38
4091,107,63
4092,107,64
4093,107,65
4094,107,66
4095,107,67
4096,107,68
4097,107,69
4098,107,70
4099,107,89
4100,107,97
4101,107,101
4102,107,113
4103,107,119
4104,107,121
4105,107,125
4106,107,131
4107,107,132
4108,107,144
4109,107,145
4110,107,149
4111,107,150
4112,107,158
4113,107,159
4114,107,167
4115,107,168
4116,107,179
4117,107,180
4118,107,183
4119,107,184
4120,107,191
4121,107,192
4122,108,33
4123,108,34
4124,108,35
4125,108,36
4126,108,37
4127,108,38
4128,108,63
4129,108,64
4130,108,65
4131,108,66
4132,108,67
4133,108,68
4134,108,69
4135,108,70
4136,108,71
4137,108,73
4138,108,74
4139,108,79
4140,108,81
4141,108,82
4142,108,87
4143,108,90
4144,108,93
4145,108,95
4146,108,98
4147,108,102
4148,108,105
4149,108,111
4150,108,114
4151,108,115
4152,108,117
4153,108,120
4154,108,122
4155,108,123
4156,108,126
4157,108,127
4158,108,129
4159,108,133
4160,108,134
4161,108,136
4162,108,138
4163,108,140
4164,108,142
4165,108,146
4166,108,147
4167,108,151
4168,108,152
4169,108,154
4170,108,156
4171,108,160
4172,108,161
4173,108,163
4174,108,165
4175,108,169
4176,108,170
4177,108,171
4178,108,173
4179,108,175
4180,108,177
4181,108,181
4182,108,182
4183,108,185
4184,108,186
4185,108,187
4186,108,189
4187,108,193
4188,108,194
4189,109,33
4190,109,34
4191,109,35
4192,109,36
4193,109,37
4194,109,38
4195,109,63
4196,109,64
4197,109,65
4198,109,66
4199,109,67
4200,109,68
4201,109,69
4202,109,70
4203,109,75
4204,109,76
4205,109,83
4206,109,84
4207,109,91
4208,109,99
4209,109,103
4210,109,127
4211,109,128
4212,109,131
4213,109,133
4214,109,135
4215,109,136
4216,109,137
4217,109,138
4218,109,139
4219,109,144
4220,109,146
4221,109,148
4222,109,149
4223,109,151
4224,109,153
4225,109,154
4226,109,155
4227,109,158
4228,109,160
4229,109,162
4230,109,163
4231,109,164
4232,109,167
4233,109,169
4234,109,171
4235,109,172
4236,109,173
4237,109,174
4238,109,179
4239,109,181
4240,109,183
4241,109,185
4242,109,187
4243,109,188
4244,109,191
4245,109,193
4246,110,33
4247,110,34
4248,110,35
4249,110,36
4250,110,37
4251,110,38
4252,110,63
4253,110,64
4254,110,65
4255,110,66
4256,110,67
4257,110,68
4258,110,69
4259,110,70
4260,110,77
4261,110,78
4262,110,85
4263,110,86
4264,110,92
4265,110,100
4266,110,104
4267,110,129
4268,110,130
4269,110,132
4270,110,134
4271,110,135
4272,110,140
4273,110,141
4274,110,142
4275,110,143
4276,110,145
4277,110,147
4278,110,148
4279,110,150
4280,110,152
4281,110,153
4282,110,156
4283,110,157
4284,110,159
4285,110,161
4286,110,162
4287,110,165
4288,110,166
4289,110,168
4290,110,170
4291,110,175
4292,110,176
4293,110,177
4294,110,178
4295,110,180
4296,110,182
4297,110,184
4298,110,186
4299,110,189
4300,110,190
4301,110,192
4302,110,194
4303,111,33
4304,111,34
4305,111,35
4306,111,36
4307,111,37
4308,111,38
4309,111,63
4310,111,64
4311,111,65
4312,111,66
4313,111,67
4314,111,68
4315,111,69
4316,111,70
4317,111,71
4318,111,73
4319,111,74
4320,111,79
4321,111,81
4322,111,82
4323,111,87
4324,111,90
4325,111,93
4326,111,95
4327,111,98
4328,111,102
4329,111,105
4330,111,108
4331,111,114
4332,111,115
4333,111,117
4334,111,120
4335,111,122
4336,111,123
4337,111,126
4338,111,127
4339,111,129
4340,111,133
4341,111,134
4342,111,136
4343,111,138
4344,111,140
4345,111,142
4346,111,146
4347,111,147
4348,111,151
4349,111,152
4350,111,154
4351,111,156
4352,111,160
4353,111,161
4354,111,163
4355,111,165
4356,111,169
4357,111,170
4358,111,171
4359,111,173
4360,111,175
4361,111,177
4362,111,181
4363,111,182
4364,111,185
4365,111,186
4366,111,187
4367,111,189
4368,111,193
4369,111,194
4370,112,33
4371,112,34
4372,112,35
4373,112,36
4374,112,37
4375,112,38
4376,112,63
4377,112,64
4378,112,65
4379,112,66
4380,112,67
4381,112,68
4382,112,69
4383,112,70
4384,112,72
4385,112,80
4386,112,88
4387,112,94
4388,112,96
4389,112,106
4390,112,116
4391,112,118
4392,112,124
4393,112,128
4394,112,130
4395,112,137
4396,112,139
4397,112,141
4398,112,143
4399,112,155
4400,112,157
4401,112,164
4402,112,166
4403,112,172
4404,112,174
4405,112,176
4406,112,178
4407,112,188
4408,112,190
4409,113,33
4410,113,34
4411,113,35
4412,113,36
4413,113,37
4414,113,38
4415,113,63
4416,113,64
4417,113,65
4418,113,66
4419,113,67
4420,113,68
4421,113,69
4422,113,70
4423,113,89
4424,113,97
4425,113,101
4426,113,107
4427,113,119
4428,113,121
4429,113,125
4430,113,131
4431,113,132
4432,113,144
4433,113,145
4434,113,149
4435,113,150
4436,113,158
4437,113,159
4438,113,167
4439,113,168
4440,113,179
4441,113,180
4442,113,183
4443,113,184
4444,113,191
4445,113,192
4446,114,33
4447,114,34
4448,114,35
4449,114,36
4450,114,37
4451,114,38
4452,114,63
4453,114,64
4454,114,65
4455,114,66
4456,114,67
4457,114,68
4458,114,69
4459,114,70
4460,114,71
4461,114,73
4462,114,74
4463,114,79
4464,114,81
4465,114,82
4466,114,87
4467,114,90
4468,114,93
4469,114,95
4470,114,98
4471,114,102
4472,114,105
4473,114,108
4474,114,111
4475,114,115
4476,114,117
4477,114,120
4478,114,122
4479,114,123
4480,114,126
4481,114,127
4482,114,129
4483,114,133
4484,114,134
4485,114,136
4486,114,138
4487,114,140
4488,114,142
4489,114,146
4490,114,147
4491,114,151
4492,114,152
4493,114,154
4494,114,156
4495,114,160
4496,114,161
4497,114,163
4498,114,165
4499,114,169
4500,114,170
4501,114,171
4502,114,173
4503,114,175
4504,114,177
4505,114,181
4506,114,182
4507,114,185
4508,114,186
4509,114,187
4510,114,189
4511,114,193
4512,114,194
4513,115,33
4514,115,34
4515,115,35
4516,115,36
4517,115,37
4518,115,38
4519,115,63
4520,115,64
4521,115,65
4522,115,66
4523,115,67
4524,115,68
4525,115,69
4526,115,70
4527,115,71
4528,115,73
4529,115,74
4530,115,79
4531,115,81
4532,115,82
4533,115,87
4534,115,90
4535,115,93
4536,115,95
4537,115,98
4538,115,102
4539,115,105
4540,115,108
4541,115,111
4542,115,114
4543,115,117
4544,115,120
4545,115,122
4546,115,123
4547,115,126
4548,115,127
4549,115,129
4550,115,133
4551,115,134
4552,115,136
4553,115,138
4554,115,140
4555,115,142
4556,115,146
4557,115,147
4558,115,151
4559,115,152
4560,115,154
4561,115,156
4562,115,160
4563,115,161
4564,115,163
4565,115,165
4566,115,169
4567,115,170
4568,115,171
4569,115,173
4570,115,175
4571,115,177
4572,115,181
4573,115,182
4574,115,185
4575,115,186
4576,115,187
4577,115,189
4578,115,193
4579,115,194
4580,116,33
4581,116,34
4582,116,35
4583,116,36
4584,116,37
4585,116,38
4586,116,63
4587,116,64
4588,116,65
4589,116,66
4590,116,67
4591,116,68
4592,116,69
4593,116,70
4594,116,72
4595,116,80
4596,116,88
4597,116,94
4598,116,96
4599,116,106
4600,116,112
4601,116,118
4602,116,124
4603,116,128
4604,116,130
4605,116,137
4606,116,139
4607,116,141
4608,116,143
4609,116,155
4610,116,157
4611,116,164
4612,116,166
4613,116,172
4614,116,174
4615,116,176
4616,116,178
4617,116,188
4618,116,190
4619,117,33
4620,117,34
4621,117,35
4622,117,36
4623,117,37
4624,117,38
4625,117,63
4626,117,64
4627,117,65
4628,117,66
4629,117,67
4630,117,68
4631,117,69
4632,117,70
4633,117,71
4634,117,73
4635,117,74
4636,117,79
4637,117,81
4638,117,82
4639,117,87
4640,117,90
4641,117,93
4642,117,95
4643,117,98
4644,117,102
4645,117,105
4646,117,108
4647,117,111
4648,117,114
4649,117,115
4650,117,120
4651,117,122
4652,117,123
4653,117,126
4654,117,127
4655,117,129
4656,117,133
4657,117,134
4658,117,136
4659,117,138
4660,117,140
4661,117,142
4662,117,146
4663,117,147
4664,117,151
4665,117,152
4666,117,154
4667,117,156
4668,117,160
4669,117,161
4670,117,163
4671,117,165
4672,117,169
4673,117,170
4674,117,171
4675,117,173
4676,117,175
4677,117,177
4678,117,181
4679,117,182
4680,117,185
4681,117,186
4682,117,187
4683,117,189
4684,117,193
4685,117,194
4686,118,33
4687,118,34
4688,118,35
4689,118,36
4690,118,37
4691,118,38
4692,118,63
4693,118,64
4694,118,65
4695,118,66
4696,118,67
4697,118,68
4698,118,69
4699,118,70
4700,118,72
4701,118,80
4702,118,88
4703,118,94
4704,118,96
4705,118,106
4706,118,112
4707,118,116
4708,118,124
4709,118,128
4710,118,130
4711,118,137
4712,118,139
4713,118,141
4714,118,143
4715,118,155
4716,118,157
4717,118,164
4718,118,166
4719,118,172
4720,118,174
4721,118,176
4722,118,178
4723,118,188
4724,118,190
4725,119,33
4726,119,34
4727,119,35
4728,119,36
4729,119,37
4730,119,38
4731,119,63
4732,119,64
4733,119,65
4734,119,66
4735,119,67
4736,119,68
4737,119,69
4738,119,70
4739,119,89
4740,119,97
4741,119,101
4742,119,107
4743,119,113
4744,119,121
4745,119,125
4746,119,131
4747,119,132
4748,119,144
4749,119,145
4750,119,149
4751,119,150
4752,119,158
4753,119,159
4754,119,167
4755,119,168
4756,119,179
4757,119,180
4758,119,183
4759,119,184
4760,119,191
4761,119,192
4762,120,33
4763,120,34
4764,120,35
4765,120,36
4766,120,37
4767,120,38
4768,120,63
4769,120,64
4770,120,65
4771,120,66
4772,120,67
4773,120,68
4774,120,69
4775,120,70
4776,120,71
4777,120,73
4778,120,74
4779,120,79
4780,120,81
4781,120,82
4782,120,87
4783,120,90
4784,120,93
4785,120,95
4786,120,98
4787,120,102
4788,120,105
4789,120,108
4790,120,111
4791,120,114
4792,120,115
4793,120,117
4794,120,122
4795,120,123
4796,120,126
4797,120,127
4798,120,129
4799,120,133
4800,120,134
4801,120,136
4802,120,138
4803,120,140
4804,120,142
4805,120,146
4806,120,147
4807,120,151
4808,120,152
4809,120,154
4810,120,156
4811,120,160
4812,120,161
4813,120,163
4814,120,165
4815,120,169
4816,120,170
4817,120,171
4818,120,173
4819,120,175
4820,120,177
4821,120,181
4822,120,182
4823,120,185
4824,120,186
4825,120,187
4826,120,189
4827,120,193
4828,120,194
4829,121,33
4830,121,34
4831,121,35
4832,121,36
4833,121,37
4834,121,38
4835,121,63
4836,121,64
4837,121,65
4838,121,66
4839,121,67
4840,121,68
4841,121,69
4842,121,70
4843,121,89
4844,121,97
4845,121,101
4846,121,107
4847,121,113
4848,121,119
4849,121,125
4850,121,131
4851,121,132
4852,121,144
4853,121,145
4854,121,149
4855,121,150
4856,121,158
4857,121,159
4858,121,167
4859,121,168
4860,121,179
4861,121,180
4862,121,183
4863,121,184
4864,121,191
4865,121,192
4866,122,33
4867,122,34
4868,122,35
4869,122,36
4870,122,37
4871,122,38
4872,122,63
4873,122,64
4874,122,65
4875,122,66
4876,122,67
4877,122,68
4878,122,69
4879,122,70
4880,122,71
4881,122,73
4882,122,74
4883,122,79
4884,122,81
4885,122,82
4886,122,87
4887,122,90
4888,122,93
4889,122,95
4890,122,98
4891,122,102
4892,122,105
4893,122,108
4894,122,111
4895,122,114
4896,122,115
4897,122,117
4898,122,120
4899,122,123
4900,122,126
4901,122,127
4902,122,129
4903,122,133
4904,122,134
4905,122,136
4906,122,138
4907,122,140
4908,122,142
4909,122,146
4910,122,147
4911,122,151
4912,122,152
4913,122,154
4914,122,156
4915,122,160
4916,122,161
4917,122,163
4918,122,165
4919,122,169
4920,122,170
4921,122,171
4922,122,173
4923,122,175
4924,122,177
4925,122,181
4926,122,182
4927,122,185
4928,122,186
4929,122,187
4930,122,189
4931,122,193
4932,122,194
4933,123,33
4934,123,34
4935,123,35
4936,123,36
4937,123,37
4938,123,38
4939,123,63
4940,123,64
4941,123,65
4942,123,66
4943,123,67
4944,123,68
4945,123,69
4946,123,70
4947,123,71
4948,123,73
4949,123,74
4950,123,79
4951,123,81
4952,123,82
4953,123,87
4954,123,90
4955,123,93
4956,123,95
4957,123,98
4958,123,102
4959,123,105
4960,123,108
4961,123,111
4962,123,114
4963,123,115
4964,123,117
4965,123,120
4966,123,122
4967,123,126
4968,123,127
4969,123,129
4970,123,133
4971,123,134
4972,123,136
4973,123,138
4974,123,140
4975,123,142
4976,123,146
4977,123,147
4978,123,151
4979,123,152
4980,123,154
4981,123,156
4982,123,160
4983,123,161
4984,123,163
4985,123,165
4986,123,169
4987,123,170
4988,123,171
4989,123,173
4990,123,175
4991,123,177
4992,123,181
4993,123,182
4994,123,185
4995,123,186
4996,123,187
4997,123,189
4998,123,193
4999,123,194
5000,124,33
5001,124,34
5002,124,35
5003,124,36
5004,124,37
5005,124,38
5006,124,63
5007,124,64
5008,124,65
5009,124,66
5010,124,67
5011,124,68
5012,124,69
5013,124,70
5014,124,72
5015,124,80
5016,124,88
5017,124,94
5018,124,96
5019,124,106
5020,124,112
5021,124,116
5022,124,118
5023,124,128
5024,124,130
5025,124,137
5026,124,139
5027,124,141
5028,124,143
5029,124,155
5030,124,157
5031,124,164
5032,124,166
5033,124,172
5034,124,174
5035,124,176
5036,124,178
5037,124,188
5038,124,190
5039,125,33
5040,125,34
5041,125,35
5042,125,36
5043,125,37
5044,125,38
5045,125,63
5046,125,64
5047,125,65
5048,125,66
5049,125,67
5050,125,68
5051,125,69
5052,125,70
5053,125,89
5054,125,97
5055,125,101
5056,125,107
5057,125,113
5058,125,119
5059,125,121
5060,125,131
5061,125,132
5062,125,144
5063,125,145
5064,125,149
5065,125,150
5066,125,158
5067,125,159
5068,125,167
5069,125,168
5070,125,179
5071,125,180
5072,125,183
5073,125,184
5074,125,191
5075,125,192
5076,126,33
5077,126,34
5078,126,35
5079,126,36
5080,126,37
5081,126,38
5082,126,63
5083,126,64
5084,126,65
5085,126,66
5086,126,67
5087,126,68
5088,126,69
5089,126,70
5090,126,71
5091,126,73
5092,126,74
5093,126,79
5094,126,81
5095,126,82
5096,126,87
5097,126,90
5098,126,93
5099,126,95
5100,126,98
5101,126,102
5102,126,105
5103,126,108
5104,126,111
5105,126,114
5106,126,115
5107,126,117
5108,126,120
5109,126,122
5110,126,123
5111,126,127
5112,126,129
5113,126,133
5114,126,134
5115,126,136
5116,126,138
5117,126,140
5118,126,142
5119,126,146
5120,126,147
5121,126,151
5122,126,152
5123,126,154
5124,126,156
5125,126,160
5126,126,161
5127,126,163
5128,126,165
5129,126,169
5130,126,170
5131,126,171
5132,126,173
5133,126,175
5134,126,177
5135,126,181
5136,126,182
5137,126,185
5138,126,186
5139,126,187
5140,126,189
5141,126,193
5142,126,194
5143,127,40
5144,127,41
5145,127,44
5146,127,45
5147,127,50
5148,127,51
5149,127,52
5150,127,58
5151,127,59
5152,127,60
5153,127,87
5154,127,90
5155,127,91
5156,127,93
5157,127,95
5158,127,98
5159,127,99
5160,127,102
5161,127,103
5162,127,105
5163,127,108
5164,127,109
5165,127,111
5166,127,114
5167,127,115
5168,127,117
5169,127,120
5170,127,122
5171,127,123
5172,127,126
5173,127,133
5174,127,136
5175,127,138
5176,127,146
5177,127,151
5178,127,154
5179,127,160
5180,127,163
5181,127,169
5182,127,171
5183,127,173
5184,127,181
5185,127,185
5186,127,187
5187,127,193
5188,128,41
5189,128,45
5190,128,51
5191,128,52
5192,128,59
5193,128,60
5194,128,88
5195,128,91
5196,128,94
5197,128,96
5198,128,99
5199,128,103
5200,128,106
5201,128,109
5202,128,112
5203,128,116
5204,128,118
5205,128,124
5206,128,137
5207,128,139
5208,128,155
5209,128,164
5210,128,172
5211,128,174
5212,128,188
5213,129,40
5214,129,42
5215,129,44
5216,129,46
5217,129,50
5218,129,53
5219,129,54
5220,129,58
5221,129,61
5222,129,62
5223,129,87
5224,129,90
5225,129,92
5226,129,93
5227,129,95
5228,129,98
5229,129,100
5230,129,102
5231,129,104
5232,129,105
5233,129,108
5234,129,110
5235,129,111
5236,129,114
5237,129,115
5238,129,117
5239,129,120
5240,129,122
5241,129,123
5242,129,126
5243,129,134
5244,129,140
5245,129,142
5246,129,147
5247,129,152
5248,129,156
5249,129,161
5250,129,165
5251,129,170
5252,129,175
5253,129,177
5254,129,182
5255,129,186
5256,129,189
5257,129,194
5258,130,42
5259,130,46
5260,130,53
5261,130,54
5262,130,61
5263,130,62
5264,130,88
5265,130,92
5266,130,94
5267,130,96
5268,130,100
5269,130,104
5270,130,106
5271,130,110
5272,130,112
5273,130,116
5274,130,118
5275,130,124
5276,130,141
5277,130,143
5278,130,157
5279,130,166
5280,130,176
5281,130,178
5282,130,190
5283,131,39
5284,131,41
5285,131,43
5286,131,45
5287,131,49
5288,131,51
5289,131,52
5290,131,57
5291,131,59
5292,131,60
5293,131,89
5294,131,91
5295,131,97
5296,131,99
5297,131,101
5298,131,103
5299,131,107
5300,131,109
5301,131,113
5302,131,119
5303,131,121
5304,131,125
5305,131,144
5306,131,149
5307,131,158
5308,131,167
5309,131,179
5310,131,183
5311,131,191
5312,132,39
5313,132,42
5314,132,43
5315,132,46
5316,132,49
5317,132,53
5318,132,54
5319,132,57
5320,132,61
5321,132,62
5322,132,89
5323,132,92
5324,132,97
5325,132,100
5326,132,101
5327,132,104
5328,132,107
5329,132,110
5330,132,113
5331,132,119
5332,132,121
5333,132,125
5334,132,145
5335,132,150
5336,132,159
5337,132,168
5338,132,180
5339,132,184
5340,132,192
5341,133,40
5342,133,41
5343,133,44
5344,133,45
5345,133,50
5346,133,51
5347,133,52
5348,133,58
5349,133,59
5350,133,60
5351,133,87
5352,133,90
5353,133,91
5354,133,93
5355,133,95
5356,133,98
5357,133,99
5358,133,102
5359,133,103
5360,133,105
5361,133,108
5362,133,109
5363,133,111
5364,133,114
5365,133,115
5366,133,117
5367,133,120
5368,133,122
5369,133,123
5370,133,126
5371,133,127
5372,133,136
5373,133,138
5374,133,146
5375,133,151
5376,133,154
5377,133,160
5378,133,163
5379,133,169
5380,133,171
5381,133,173
5382,133,181
5383,133,185
5384,133,187
5385,133,193
5386,134,40
5387,134,42
5388,134,44
5389,134,46
5390,134,50
5391,134,53
5392,134,54
5393,134,58
5394,134,61
5395,134,62
5396,134,87
5397,134,90
5398,134,92
5399,134,93
5400,134,95
5401,134,98
5402,134,100
5403,134,102
5404,134,104
5405,134,105
5406,134,108
5407,134,110
5408,134,111
5409,134,114
5410,134,115
5411,134,117
5412,134,120
5413,134,122
5414,134,123
5415,134,126
5416,134,129
5417,134,140
5418,134,142
5419,134,147
5420,134,152
5421,134,156
5422,134,161
5423,134,165
5424,134,170
5425,134,175
5426,134,177
5427,134,182
5428,134,186
5429,134,189
5430,134,194
5431,135,41
5432,135,42
5433,135,45
5434,135,46
5435,135,51
5436,135,52
5437,135,53
5438,135,54
5439,135,59
5440,135,60
5441,135,61
5442,135,62
5443,135,91
5444,135,92
5445,135,99
5446,135,100
5447,135,103
5448,135,104
5449,135,109
5450,135,110
5451,135,148
5452,135,153
5453,135,162
5454,136,40
5455,136,41
5456,136,44
5457,136,45
5458,136,50
5459,136,51
5460,136,52
5461,136,58
5462,136,59
5463,136,60
5464,136,87
5465,136,90
5466,136,91
5467,136,93
5468,136,95
5469,136,98
5470,136,99
5471,136,102
5472,136,103
5473,136,105
5474,136,108
5475,136,109
5476,136,111
5477,136,114
5478,136,115
5479,136,117
5480,136,120
5481,136,122
5482,136,123
5483,136,126
5484,136,127
5485,136,133
5486,136,138
5487,136,146
5488,136,151
5489,136,154
5490,136,160
5491,136,163
5492,136,169
5493,136,171
5494,136,173
5495,136,181
5496,136,185
5497,136,187
5498,136,193
5499,137,41
5500,137,45
5501,137,51
5502,137,52
5503,137,59
5504,137,60
5505,137,88
5506,137,91
5507,137,94
5508,137,96
5509,137,99
5510,137,103
5511,137,106
5512,137,109
5513,137,112
5514,137,116
5515,137,118
5516,137,124
5517,137,128
5518,137,139
5519,137,155
5520,137,164
5521,137,172
5522,137,174
5523,137,188
5524,138,40
5525,138,41
5526,138,44
5527,138,45
5528,138,50
5529,138,51
5530,138,52
5531,138,58
5532,138,59
5533,138,60
5534,138,87
5535,138,90
5536,138,91
5537,138,93
5538,138,95
5539,138,98
5540,138,99
5541,138,102
5542,138,103
5543,138,105
5544,138,108
5545,138,109
5546,138,111
5547,138,114
5548,138,115
5549,138,117
5550,138,120
5551,138,122
5552,138,123
5553,138,126
5554,138,127
5555,138,133
5556,138,136
5557,138,146
5558,138,151
5559,138,154
5560,138,160
5561,138,163
5562,138,169
5563,138,171
5564,138,173
5565,138,181
5566,138,185
5567,138,187
5568,138,193
5569,139,41
5570,139,45
5571,139,51
5572,139,52
5573,139,59
5574,139,60
5575,139,88
5576,139,91
5577,139,94
5578,139,96
5579,139,99
5580,139,103
5581,139,106
5582,139,109
5583,139,112
5584,139,116
5585,139,118
5586,139,124
5587,139,128
5588,139,137
5589,139,155
5590,139,164
5591,139,172
5592,139,174
5593,139,188
5594,140,40
5595,140,42
5596,140,44
5597,140,46
5598,140,50
5599,140,53
5600,140,54
5601,140,58
5602,140,61
5603,140,62
5604,140,87
5605,140,90
5606,140,92
5607,140,93
5608,140,95
5609,140,98
5610,140,100
5611,140,102
5612,140,104
5613,140,105
5614,140,108
5615,140,110
5616,140,111
5617,140,114
5618,140,115
5619,140,117
5620,140,120
5621,140,122
5622,140,123
5623,140,126
5624,140,129
5625,140,134
5626,140,142
5627,140,147
5628,140,152
5629,140,156
5630,140,161
5631,140,165
5632,140,170
5633,140,175
5634,140,177
5635,140,182
5636,140,186
5637,140,189
5638,140,194
5639,141,42
5640,141,46
5641,141,53
5642,141,54
5643,141,61
5644,141,62
5645,141,88
5646,141,92
5647,141,94
5648,141,96
5649,141,100
5650,141,104
5651,141,106
5652,141,110
5653,141,112
5654,141,116
5655,141,118
5656,141,124
5657,141,130
5658,141,143
5659,141,157
5660,141,166
5661,141,176
5662,141,178
5663,141,190
5664,142,40
5665,142,42
5666,142,44
5667,142,46
5668,142,50
5669,142,53
5670,142,54
5671,142,58
5672,142,61
5673,142,62
5674,142,87
5675,142,90
5676,142,92
5677,142,93
5678,142,95
5679,142,98
5680,142,100
5681,142,102
5682,142,104
5683,142,105
5684,142,108
5685,142,110
5686,142,111
5687,142,114
5688,142,115
5689,142,117
5690,142,120
5691,142,122
5692,142,123
5693,142,126
5694,142,129
5695,142,134
5696,142,140
5697,142,147
5698,142,152
5699,142,156
5700,142,161
5701,142,165
5702,142,170
5703,142,175
5704,142,177
5705,142,182
5706,142,186
5707,142,189
5708,142,194
5709,143,42
5710,143,46
5711,143,53
5712,143,54
5713,143,61
5714,143,62
5715,143,88
5716,143,92
5717,143,94
5718,143,96
5719,143,100
5720,143,104
5721,143,106
5722,143,110
5723,143,112
5724,143,116
5725,143,118
5726,143,124
5727,143,130
5728,143,141
5729,143,157
5730,143,166
5731,143,176
5732,143,178
5733,143,190
5734,144,39
5735,144,41
5736,144,43
5737,144,45
5738,144,49
5739,144,51
5740,144,52
5741,144,57
5742,144,59
5743,144,60
5744,144,89
5745,144,91
5746,144,97
5747,144,99
5748,144,101
5749,144,103
5750,144,107
5751,144,109
5752,144,113
5753,144,119
5754,144,121
5755,144,125
5756,144,131
5757,144,149
5758,144,158
5759,144,167
5760,144,179
5761,144,183
5762,144,191
5763,145,39
5764,145,42
5765,145,43
5766,145,46
5767,145,49
5768,145,53
5769,145,54
5770,145,57
5771,145,61
5772,145,62
5773,145,89
5774,145,92
5775,145,97
5776,145,100
5777,145,101
5778,145,104
5779,145,107
5780,145,110
5781,145,113
5782,145,119
5783,145,121
5784,145,125
5785,145,132
5786,145,150
5787,145,159
5788,145,168
5789,145,180
5790,145,184
5791,145,192
5792,146,40
5793,146,41
5794,146,44
5795,146,45
5796,146,50
5797,146,51
5798,146,52
5799,146,58
5800,146,59
5801,146,60
5802,146,87
5803,146,90
5804,146,91
5805,146,93
5806,146,95
5807,146,98
5808,146,99
5809,146,102
5810,146,103
5811,146,105
5812,146,108
5813,146,109
5814,146,111
5815,146,114
5816,146,115
5817,146,117
5818,146,120
5819,146,122
5820,146,123
5821,146,126
5822,146,127
5823,146,133
5824,146,136
5825,146,138
5826,146,151
5827,146,154
5828,146,160
5829,146,163
5830,146,169
5831,146,171
5832,146,173
5833,146,181
5834,146,185
5835,146,187
5836,146,193
5837,147,40
5838,147,42
5839,147,44
5840,147,46
5841,147,50
5842,147,53
5843,147,54
5844,147,58
5845,147,61
5846,147,62
5847,147,87
5848,147,90
5849,147,92
5850,147,93
5851,147,95
5852,147,98
5853,147,100
5854,147,102
5855,147,104
5856,147,105
5857,147,108
5858,147,110
5859,147,111
5860,147,114
5861,147,115
5862,147,117
5863,147,120
5864,147,122
5865,147,123
5866,147,126
5867,147,129
5868,147,134
5869,147,140
5870,147,142
5871,147,152
5872,147,156
5873,147,161
5874,147,165
5875,147,170
5876,147,175
5877,147,177
5878,147,182
5879,147,186
5880,147,189
5881,147,194
5882,148,41
5883,148,42
5884,148,45
5885,148,46
5886,148,51
5887,148,52
5888,148,53
5889,148,54
5890,148,59
5891,148,60
5892,148,61
5893,148,62
5894,148,91
5895,148,92
5896,148,99
5897,148,100
5898,148,103
5899,148,104
5900,148,109
5901,148,110
5902,148,135
5903,148,153
5904,148,162
5905,149,39
5906,149,41
5907,149,43
5908,149,45
5909,149,49
5910,149,51
5911,149,52
5912,149,57
5913,149,59
5914,149,60
5915,149,89
5916,149,91
5917,149,97
5918,149,99
5919,149,101
5920,149,103
5921,149,107
5922,149,109
5923,149,113
5924,149,119
5925,149,121
5926,149,125
5927,149,131
5928,149,144
5929,149,158
5930,149,167
5931,149,179
5932,149,183
5933,149,191
5934,150,39
5935,150,42
5936,150,43
5937,150,46
5938,150,49
5939,150,53
5940,150,54
5941,150,57
5942,150,61
5943,150,62
5944,150,89
5945,150,92
5946,150,97
5947,150,100
5948,150,101
5949,150,104
5950,150,107
5951,150,110
5952,150,113
5953,150,119
5954,150,121
5955,150,125
5956,150,132
5957,150,145
5958,150,159
5959,150,168
5960,150,180
5961,150,184
5962,150,192
5963,151,40
5964,151,41
5965,151,44
5966,151,45
5967,151,50
5968,151,51
5969,151,52
5970,151,58
5971,151,59
5972,151,60
5973,151,87
5974,151,90
5975,151,91
5976,151,93
5977,151,95
5978,151,98
5979,151,99
5980,151,102
5981,151,103
5982,151,105
5983,151,108
5984,151,109
5985,151,111
5986,151,114
5987,151,115
5988,151,117
5989,151,120
5990,151,122
5991,151,123
5992,151,126
5993,151,127
5994,151,133
5995,151,136
5996,151,138
5997,151,146
5998,151,154
5999,151,160
6000,151,163
6001,151,169
6002,151,171
6003,151,173
6004,151,181
6005,151,185
6006,151,187
6007,151,193
6008,152,40
6009,152,42
6010,152,44
6011,152,46
6012,152,50
6013,152,53
6014,152,54
6015,152,58
6016,152,61
6017,152,62
6018,152,87
6019,152,90
6020,152,92
6021,152,93
6022,152,95
6023,152,98
6024,152,100
6025,152,102
6026,152,104
6027,152,105
6028,152,108
6029,152,110
6030,152,111
6031,152,114
6032,152,115
6033,152,117
6034,152,120
6035,152,122
6036,152,123
6037,152,126
6038,152,129
6039,152,134
6040,152,140
6041,152,142
6042,152,147
6043,152,156
6044,152,161
6045,152,165
6046,152,170
6047,152,175
6048,152,177
6049,152,182
6050,152,186
6051,152,189
6052,152,194
6053,153,41
6054,153,42
6055,153,45
6056,153,46
6057,153,51
6058,153,52
6059,153,53
6060,153,54
6061,153,59
6062,153,60
6063,153,61
6064,153,62
6065,153,91
6066,153,92
6067,153,99
6068,153,100
6069,153,103
6070,153,104
6071,153,109
6072,153,110
6073,153,135
6074,153,148
6075,153,162
6076,154,40
6077,154,41
6078,154,44
6079,154,45
6080,154,50
6081,154,51
6082,154,52
6083,154,58
6084,154,59
6085,154,60
6086,154,87
6087,154,90
6088,154,91
6089,154,93
6090,154,95
6091,154,98
6092,154,99
6093,154,102
6094,154,103
6095,154,105
6096,154,108
6097,154,109
6098,154,111
6099,154,114
6100,154,115
6101,154,117
6102,154,120
6103,154,122
6104,154,123
6105,154,126
6106,154,127
6107,154,133
6108,154,136
6109,154,138
6110,154,146
6111,154,151
6112,154,160
6113,154,163
6114,154,169
6115,154,171
6116,154,173
6117,154,181
6118,154,185
6119,154,187
6120,154,193
6121,155,41
6122,155,45
6123,155,51
6124,155,52
6125,155,59
6126,155,60
6127,155,88
6128,155,91
6129,155,94
6130,155,96
6131,155,99
6132,155,103
6133,155,106
6134,155,109
6135,155,112
6136,155,116
6137,155,118
6138,155,124
6139,155,128
6140,155,137
6141,155,139
6142,155,164
6143,155,172
6144,155,174
6145,155,188
6146,156,40
6147,156,42
6148,156,44
6149,156,46
6150,156,50
6151,156,53
6152,156,54
6153,156,58
6154,156,61
6155,156,62
6156,156,87
6157,156,90
6158,156,92
6159,156,93
6160,156,95
6161,156,98
6162,156,100
6163,156,102
6164,156,104
6165,156,105
6166,156,108
6167,156,110
6168,156,111
6169,156,114
6170,156,115
6171,156,117
6172,156,120
6173,156,122
6174,156,123
6175,156,126
6176,156,129
6177,156,134
6178,156,140
6179,156,142
6180,156,147
6181,156,152
6182,156,161
6183,156,165
6184,156,170
6185,156,175
6186,156,177
6187,156,182
6188,156,186
6189,156,189
6190,156,194
6191,157,42
6192,157,46
6193,157,53
6194,157,54
6195,157,61
6196,157,62
6197,157,88
6198,157,92
6199,157,94
6200,157,96
6201,157,100
6202,157,104
6203,157,106
6204,157,110
6205,157,112
6206,157,116
6207,157,118
6208,157,124
6209,157,130
6210,157,141
6211,157,143
6212,157,166
6213,157,176
6214,157,178
6215,157,190
6216,158,39
6217,158,41
6218,158,43
6219,158,45
6220,158,49
6221,158,51
6222,158,52
6223,158,57
6224,158,59
6225,158,60
6226,158,89
6227,158,91
6228,158,97
6229,158,99
6230,158,101
6231,158,103
6232,158,107
6233,158,109
6234,158,113
6235,158,119
6236,158,121
6237,158,125
6238,158,131
6239,158,144
6240,158,149
6241,158,167
6242,158,179
6243,158,183
6244,158,191
6245,159,39
6246,159,42
6247,159,43
6248,159,46
6249,159,49
6250,159,53
6251,159,54
6252,159,57
6253,159,61
6254,159,62
6255,159,89
6256,159,92
6257,159,97
6258,159,100
6259,159,101
6260,159,104
6261,159,107
6262,159,110
6263,159,113
6264,159,119
6265,159,121
6266,159,125
6267,159,132
6268,159,145
6269,159,150
6270,159,168
6271,159,180
6272,159,184
6273,159,192
6274,160,40
6275,160,41
6276,160,44
6277,160,45
6278,160,50
6279,160,51
6280,160,52
6281,160,58
6282,160,59
6283,160,60
6284,160,87
6285,160,90
6286,160,91
6287,160,93
6288,160,95
6289,160,98
6290,160,99
6291,160,102
6292,160,103
6293,160,105
6294,160,108
6295,160,109
6296,160,111
6297,160,114
6298,160,115
6299,160,117
6300,160,120
6301,160,122
6302,160,123
6303,160,126
6304,160,127
6305,160,133
6306,160,136
6307,160,138
6308,160,146
6309,160,151
6310,160,154
6311,160,163
6312,160,169
6313,160,171
6314,160,173
6315,160,181
6316,160,185
6317,160,187
6318,160,193
6319,161,40
6320,161,42
6321,161,44
6322,161,46
6323,161,50
6324,161,53
6325,161,54
6326,161,58
6327,161,61
6328,161,62
6329,161,87
6330,161,90
6331,161,92
6332,161,93
6333,161,95
6334,161,98
6335,161,100
6336,161,102
6337,161,104
6338,161,105
6339,161,108
6340,161,110
6341,161,111
6342,161,114
6343,161,115
6344,161,117
6345,161,120
6346,161,122
6347,161,123
6348,161,126
6349,161,129
6350,161,134
6351,161,140
6352,161,142
6353,161,147
6354,161,152
6355,161,156
6356,161,165
6357,161,170
6358,161,175
6359,161,177
6360,161,182
6361,161,186
6362,161,189
6363,161,194
6364,162,41
6365,162,42
6366,162,45
6367,162,46
6368,162,51
6369,162,52
6370,162,53
6371,162,54
6372,162,59
6373,162,60
6374,162,61
6375,162,62
6376,162,91
6377,162,92
6378,162,99
6379,162,100
6380,162,103
6381,162,104
6382,162,109
6383,162,110
6384,162,135
6385,162,148
6386,162,153
6387,163,40
6388,163,41
6389,163,44
6390,163,45
6391,163,50
6392,163,51
6393,163,52
6394,163,58
6395,163,59
6396,163,60
6397,163,87
6398,163,90
6399,163,91
6400,163,93
6401,163,95
6402,163,98
6403,163,99
6404,163,102
6405,163,103
6406,163,105
6407,163,108
6408,163,109
6409,163,111
6410,163,114
6411,163,115
6412,163,117
6413,163,120
6414,163,122
6415,163,123
6416,163,126
6417,163,127
6418,163,133
6419,163,136
6420,163,138
6421,163,146
6422,163,151
6423,163,154
6424,163,160
6425,163,169
6426,163,171
6427,163,173
6428,163,181
6429,163,185
6430,163,187
6431,163,193
6432,164,41
6433,164,45
6434,164,51
6435,164,52
6436,164,59
6437,164,60
6438,164,88
6439,164,91
6440,164,94
6441,164,96
6442,164,99
6443,164,103
6444,164,106
6445,164,109
6446,164,112
6447,164,116
6448,164,118
6449,164,124
6450,164,128
6451,164,137
6452,164,139
6453,164,155
6454,164,172
6455,164,174
6456,164,188
6457,165,40
6458,165,42
6459,165,44
6460,165,46
6461,165,50
6462,165,53
6463,165,54
6464,165,58
6465,165,61
6466,165,62
6467,165,87
6468,165,90
6469,165,92
6470,165,93
6471,165,95
6472,165,98
6473,165,100
6474,165,102
6475,165,104
6476,165,105
6477,165,108
6478,165,110
6479,165,111
6480,165,114
6481,165,115
6482,165,117
6483,165,120
6484,165,122
6485,165,123
6486,165,126
6487,165,129
6488,165,134
6489,165,140
6490,165,142
6491,165,147
6492,165,152
6493,165,156
6494,165,161
6495,165,170
6496,165,175
6497,165,177
6498,165,182
6499,165,186
6500,165,189
6501,165,194
6502,166,42
6503,166,46
6504,166,53
6505,166,54
6506,166,61
6507,166,62
6508,166,88
6509,166,92
6510,166,94
6511,166,96
6512,166,100
6513,166,104
6514,166,106
6515,166,110
6516,166,112
6517,166,116
6518,166,118
6519,166,124
6520,166,130
6521,166,141
6522,166,143
6523,166,157
6524,166,176
6525,166,178
6526,166,190
6527,167,39
6528,167,41
6529,167,43
6530,167,45
6531,167,49
6532,167,51
6533,167,52
6534,167,57
6535,167,59
6536,167,60
6537,167,89
6538,167,91
6539,167,97
6540,167,99
6541,167,101
6542,167,103
6543,167,107
6544,167,109
6545,167,113
6546,167,119
6547,167,121
6548,167,125
6549,167,131
6550,167,144
6551,167,149
6552,167,158
6553,167,179
6554,167,183
6555,167,191
6556,168,39
6557,168,42
6558,168,43
6559,168,46
6560,168,49
6561,168,53
6562,168,54
6563,168,57
6564,168,61
6565,168,62
6566,168,89
6567,168,92
6568,168,97
6569,168,100
6570,168,101
6571,168,104
6572,168,107
6573,168,110
6574,168,113
6575,168,119
6576,168,121
6577,168,125
6578,168,132
6579,168,145
6580,168,150
6581,168,159
6582,168,180
6583,168,184
6584,168,192
6585,169,40
6586,169,41
6587,169,44
6588,169,45
6589,169,50
6590,169,51
6591,169,52
6592,169,58
6593,169,59
6594,169,60
6595,169,87
6596,169,90
6597,169,91
6598,169,93
6599,169,95
6600,169,98
6601,169,99
6602,169,102
6603,169,103
6604,169,105
6605,169,108
6606,169,109
6607,169,111
6608,169,114
6609,169,115
6610,169,117
6611,169,120
6612,169,122
6613,169,123
6614,169,126
6615,169,127
6616,169,133
6617,169,136
6618,169,138
6619,169,146
6620,169,151
6621,169,154
6622,169,160
6623,169,163
6624,169,171
6625,169,173
6626,169,181
6627,169,185
6628,169,187
6629,169,193
6630,170,40
6631,170,42
6632,170,44
6633,170,46
6634,170,50
6635,170,53
6636,170,54
6637,170,58
6638,170,61
6639,170,62
6640,170,87
6641,170,90
6642,170,92
6643,170,93
6644,170,95
6645,170,98
6646,170,100
6647,170,102
6648,170,104
6649,170,105
6650,170,108
6651,170,110
6652,170,111
6653,170,114
6654,170,115
6655,170,117
6656,170,120
6657,170,122
6658,170,123
6659,170,126
6660,170,129
6661,170,134
6662,170,140
6663,170,142
6664,170,147
6665,170,152
6666,170,156
6667,170,161
6668,170,165
6669,170,175
6670,170,177
6671,170,182
6672,170,186
6673,170,189
6674,170,194
6675,171,40
6676,171,41
6677,171,44
6678,171,45
6679,171,50
6680,171,51
6681,171,52
6682,171,58
6683,171,59
6684,171,60
6685,171,87
6686,171,90
6687,171,91
6688,171,93
6689,171,95
6690,171,98
6691,171,99
6692,171,102
6693,171,103
6694,171,105
6695,171,108
6696,171,109
6697,171,111
6698,171,114
6699,171,115
6700,171,117
6701,171,120
6702,171,122
6703,171,123
6704,171,126
6705,171,127
6706,171,133
6707,171,136
6708,171,138
6709,171,146
6710,171,151
6711,171,154
6712,171,160
6713,171,163
6714,171,169
6715,171,173
6716,171,181
6717,171,185
6718,171,187
6719,171,193
6720,172,41
6721,172,45
6722,172,51
6723,172,52
6724,172,59
6725,172,60
6726,172,88
6727,172,91
6728,172,94
6729,172,96
6730,172,99
6731,172,103
6732,172,106
6733,172,109
6734,172,112
6735,172,116
6736,172,118
6737,172,124
6738,172,128
6739,172,137
6740,172,139
6741,172,155
6742,172,164
6743,172,174
6744,172,188
6745,173,40
6746,173,41
6747,173,44
6748,173,45
6749,173,50
6750,173,51
6751,173,52
6752,173,58
6753,173,59
6754,173,60
6755,173,87
6756,173,90
6757,173,91
6758,173,93
6759,173,95
6760,173,98
6761,173,99
6762,173,102
6763,173,103
6764,173,105
6765,173,108
6766,173,109
6767,173,111
6768,173,114
6769,173,115
6770,173,117
6771,173,120
6772,173,122
6773,173,123
6774,173,126
6775,173,127
6776,173,133
6777,173,136
6778,173,138
6779,173,146
6780,173,151
6781,173,154
6782,173,160
6783,173,163
6784,173,169
6785,173,171
6786,173,181
6787,173,185
6788,173,187
6789,173,193
6790,174,41
6791,174,45
6792,174,51
6793,174,52
6794,174,59
6795,174,60
6796,174,88
6797,174,91
6798,174,94
6799,174,96
6800,174,99
6801,174,103
6802,174,106
6803,174,109
6804,174,112
6805,174,116
6806,174,118
6807,174,124
6808,174,128
6809,174,137
6810,174,139
6811,174,155
6812,174,164
6813,174,172
6814,174,188
6815,175,40
6816,175,42
6817,175,44
6818,175,46
6819,175,50
6820,175,53
6821,175,54
6822,175,58
6823,175,61
6824,175,62
6825,175,87
6826,175,90
6827,175,92
6828,175,93
6829,175,95
6830,175,98
6831,175,100
6832,175,102
6833,175,104
6834,175,105
6835,175,108
6836,175,110
6837,175,111
6838,175,114
6839,175,115
6840,175,117
6841,175,120
6842,175,122
6843,175,123
6844,175,126
6845,175,129
6846,175,134
6847,175,140
6848,175,142
6849,175,147
6850,175,152
6851,175,156
6852,175,161
6853,175,165
6854,175,170
6855,175,177
6856,175,182
6857,175,186
6858,175,189
6859,175,194
6860,176,42
6861,176,46
6862,176,53
6863,176,54
6864,176,61
6865,176,62
6866,176,88
6867,176,92
6868,176,94
6869,176,96
6870,176,100
6871,176,104
6872,176,106
6873,176,110
6874,176,112
6875,176,116
6876,176,118
6877,176,124
6878,176,130
6879,176,141
6880,176,143
6881,176,157
6882,176,166
6883,176,178
6884,176,190
6885,177,40
6886,177,42
6887,177,44
6888,177,46
6889,177,50
6890,177,53
6891,177,54
6892,177,58
6893,177,61
6894,177,62
6895,177,87
6896,177,90
6897,177,92
6898,177,93
6899,177,95
6900,177,98
6901,177,100
6902,177,102
6903,177,104
6904,177,105
6905,177,108
6906,177,110
6907,177,111
6908,177,114
6909,177,115
6910,177,117
6911,177,120
6912,177,122
6913,177,123
6914,177,126
6915,177,129
6916,177,134
6917,177,140
6918,177,142
6919,177,147
6920,177,152
6921,177,156
6922,177,161
6923,177,165
6924,177,170
6925,177,175
6926,177,182
6927,177,186
6928,177,189
6929,177,194
6930,178,42
6931,178,46
6932,178,53
6933,178,54
6934,178,61
6935,178,62
6936,178,88
6937,178,92
6938,178,94
6939,178,96
6940,178,100
6941,178,104
6942,178,106
6943,178,110
6944,178,112
6945,178,116
6946,178,118
6947,178,124
6948,178,130
6949,178,141
6950,178,143
6951,178,157
6952,178,166
6953,178,176
6954,178,190
6955,179,39
6956,179,41
6957,179,43
6958,179,45
6959,179,49
6960,179,51
6961,179,52
6962,179,57
6963,179,59
6964,179,60
6965,179,89
6966,179,91
6967,179,97
6968,179,99
6969,179,101
6970,179,103
6971,179,107
6972,179,109
6973,179,113
6974,179,119
6975,179,121
6976,179,125
6977,179,131
6978,179,144
6979,179,149
6980,179,158
6981,179,167
6982,179,183
6983,179,191
6984,180,39
6985,180,42
6986,180,43
6987,180,46
6988,180,49
6989,180,53
6990,180,54
6991,180,57
6992,180,61
6993,180,62
6994,180,89
6995,180,92
6996,180,97
6997,180,100
6998,180,101
6999,180,104
7000,180,107
7001,180,110
7002,180,113
7003,180,119
7004,180,121
7005,180,125
7006,180,132
7007,180,145
7008,180,150
7009,180,159
7010,180,168
7011,180,184
7012,180,192
7013,181,40
7014,181,41
7015,181,44
7016,181,45
7017,181,50
7018,181,51
7019,181,52
7020,181,58
7021,181,59
7022,181,60
7023,181,87
7024,181,90
7025,181,91
7026,181,93
7027,181,95
7028,181,98
7029,181,99
7030,181,102
7031,181,103
7032,181,105
7033,181,108
7034,181,109
7035,181,111
7036,181,114
7037,181,115
7038,181,117
7039,181,120
7040,181,122
7041,181,123
7042,181,126
7043,181,127
7044,181,133
7045,181,136
7046,181,138
7047,181,146
7048,181,151
7049,181,154
7050,181,160
7051,181,163
7052,181,169
7053,181,171
7054,181,173
7055,181,185
7056,181,187
7057,181,193
7058,182,40
7059,182,42
7060,182,44
7061,182,46
7062,182,50
7063,182,53
7064,182,54
7065,182,58
7066,182,61
7067,182,62
7068,182,87
7069,182,90
7070,182,92
7071,182,93
7072,182,95
7073,182,98
7074,182,100
7075,182,102
7076,182,104
7077,182,105
7078,182,108
7079,182,110
7080,182,111
7081,182,114
7082,182,115
7083,182,117
7084,182,120
7085,182,122
7086,182,123
7087,182,126
7088,182,129
7089,182,134
7090,182,140
7091,182,142
7092,182,147
7093,182,152
7094,182,156
7095,182,161
7096,182,165
7097,182,170
7098,182,175
7099,182,177
7100,182,186
7101,182,189
7102,182,194
7103,183,39
7104,183,41
7105,183,43
7106,183,45
7107,183,49
7108,183,51
7109,183,52
7110,183,57
7111,183,59
7112,183,60
7113,183,89
7114,183,91
7115,183,97
7116,183,99
7117,183,101
7118,183,103
7119,183,107
7120,183,109
7121,183,113
7122,183,119
7123,183,121
7124,183,125
7125,183,131
7126,183,144
7127,183,149
7128,183,158
7129,183,167
7130,183,179
7131,183,191
7132,184,39
7133,184,42
7134,184,43
7135,184,46
7136,184,49
7137,184,53
7138,184,54
7139,184,57
7140,184,61
7141,184,62
7142,184,89
7143,184,92
7144,184,97
7145,184,100
7146,184,101
7147,184,104
7148,184,107
7149,184,110
7150,184,113
7151,184,119
7152,184,121
7153,184,125
7154,184,132
7155,184,145
7156,184,150
7157,184,159
7158,184,168
7159,184,180
7160,184,192
7161,185,40
7162,185,41
7163,185,44
7164,185,45
7165,185,50
7166,185,51
7167,185,52
7168,185,58
7169,185,59
7170,185,60
7171,185,87
7172,185,90
7173,185,91
7174,185,93
7175,185,95
7176,185,98
7177,185,99
7178,185,102
7179,185,103
7180,185,105
7181,185,108
7182,185,109
7183,185,111
7184,185,114
7185,185,115
7186,185,117
7187,185,120
7188,185,122
7189,185,123
7190,185,126
7191,185,127
7192,185,133
7193,185,136
7194,185,138
7195,185,146
7196,185,151
7197,185,154
7198,185,160
7199,185,163
7200,185,169
7201,185,171
7202,185,173
7203,185,181
7204,185,187
7205,185,193
7206,186,40
7207,186,42
7208,186,44
7209,186,46
7210,186,50
7211,186,53
7212,186,54
7213,186,58
7214,186,61
7215,186,62
7216,186,87
7217,186,90
7218,186,92
7219,186,93
7220,186,95
7221,186,98
7222,186,100
7223,186,102
7224,186,104
7225,186,105
7226,186,108
7227,186,110
7228,186,111
7229,186,114
7230,186,115
7231,186,117
7232,186,120
7233,186,122
7234,186,123
7235,186,126
7236,186,129
7237,186,134
7238,186,140
7239,186,142
7240,186,147
7241,186,152
7242,186,156
7243,186,161
7244,186,165
7245,186,170
7246,186,175
7247,186,177
7248,186,182
7249,186,189
7250,186,194
7251,187,40
7252,187,41
7253,187,44
7254,187,45
7255,187,50
7256,187,51
7257,187,52
7258,187,58
7259,187,59
7260,187,60
7261,187,87
7262,187,90
7263,187,91
7264,187,93
7265,187,95
7266,187,98
7267,187,99
7268,187,102
7269,187,103
7270,187,105
7271,187,108
7272,187,109
7273,187,111
7274,187,114
7275,187,115
7276,187,117
7277,187,120
7278,187,122
7279,187,123
7280,187,126
7281,187,127
7282,187,133
7283,187,136
7284,187,138
7285,187,146
7286,187,151
7287,187,154
7288,187,160
7289,187,163
7290,187,169
7291,187,171
7292,187,173
7293,187,181
7294,187,185
7295,187,193
7296,188,41
7297,188,45
7298,188,51
7299,188,52
7300,188,59
7301,188,60
7302,188,88
7303,188,91
7304,188,94
7305,188,96
7306,188,99
7307,188,103
7308,188,106
7309,188,109
7310,188,112
7311,188,116
7312,188,118
7313,188,124
7314,188,128
7315,188,137
7316,188,139
7317,188,155
7318,188,164
7319,188,172
7320,188,174
7321,189,40
7322,189,42
7323,189,44
7324,189,46
7325,189,50
7326,189,53
7327,189,54
7328,189,58
7329,189,61
7330,189,62
7331,189,87
7332,189,90
7333,189,92
7334,189,93
7335,189,95
7336,189,98
7337,189,100
7338,189,102
7339,189,104
7340,189,105
7341,189,108
7342,189,110
7343,189,111
7344,189,114
7345,189,115
7346,189,117
7347,189,120
7348,189,122
7349,189,123
7350,189,126
7351,189,129
7352,189,134
7353,189,140
7354,189,142
7355,189,147
7356,189,152
7357,189,156
7358,189,161
7359,189,165
7360,189,170
7361,189,175
7362,189,177
7363,189,182
7364,189,186
7365,189,194
7366,190,42
7367,190,46
7368,190,53
7369,190,54
7370,190,61
7371,190,62
7372,190,88
7373,190,92
7374,190,94
7375,190,96
7376,190,100
7377,190,104
7378,190,106
7379,190,110
7380,190,112
7381,190,116
7382,190,118
7383,190,124
7384,190,130
7385,190,141
7386,190,143
7387,190,157
7388,190,166
7389,190,176
7390,190,178
7391,191,39
7392,191,41
7393,191,43
7394,191,45
7395,191,49
7396,191,51
7397,191,52
7398,191,57
7399,191,59
7400,191,60
7401,191,89
7402,191,91
7403,191,97
7404,191,99
7405,191,101
7406,191,103
7407,191,107
7408,191,109
7409,191,113
7410,191,119
7411,191,121
7412,191,125
7413,191,131
7414,191,144
7415,191,149
7416,191,158
7417,191,167
7418,191,179
7419,191,183
7420,192,39
7421,192,42
7422,192,43
7423,192,46
7424,192,49
7425,192,53
7426,192,54
7427,192,57
7428,192,61
7429,192,62
7430,192,89
7431,192,92
7432,192,97
7433,192,100
7434,192,101
7435,192,104
7436,192,107
7437,192,110
7438,192,113
7439,192,119
7440,192,121
7441,192,125
7442,192,132
7443,192,145
7444,192,150
7445,192,159
7446,192,168
7447,192,180
7448,192,184
7449,193,40
7450,193,41
7451,193,44
7452,193,45
7453,193,50
7454,193,51
7455,193,52
7456,193,58
7457,193,59
7458,193,60
7459,193,87
7460,193,90
7461,193,91
7462,193,93
7463,193,95
7464,193,98
7465,193,99
7466,193,102
7467,193,103
7468,193,105
7469,193,108
7470,193,109
7471,193,111
7472,193,114
7473,193,115
7474,193,117
7475,193,120
7476,193,122
7477,193,123
7478,193,126
7479,193,127
7480,193,133
7481,193,136
7482,193,138
7483,193,146
7484,193,151
7485,193,154
7486,193,160
7487,193,163
7488,193,169
7489,193,171
7490,193,173
7491,193,181
7492,193,185
7493,193,187
7494,194,40
7495,194,42
7496,194,44
7497,194,46
7498,194,50
7499,194,53
7500,194,54
7501,194,58
7502,194,61
7503,194,62
7504,194,87
7505,194,90
7506,194,92
7507,194,93
7508,194,95
7509,194,98
7510,194,100
7511,194,102
7512,194,104
7513,194,105
7514,194,108
7515,194,110
7516,194,111
7517,194,114
7518,194,115
7519,194,117
7520,194,120
7521,194,122
7522,194,123
7523,194,126
7524,194,129
7525,194,134
7526,194,140
7527,194,142
7528,194,147
7529,194,152
7530,194,156
7531,194,161
7532,194,165
7533,194,170
7534,194,175
7535,194,177
7536,194,182
7537,194,186
7538,194,189
